河南省,410000,,
洛阳市,410300,河南省,
新安县,410323,洛阳市,河南省
栾川县,410324,洛阳市,河南省
洛宁县,410328,洛阳市,河南省
西工区,410303,洛阳市,河南省
宜阳县,410327,洛阳市,河南省
伊川县,410329,洛阳市,河南省
孟津区,410308,洛阳市,河南省
洛龙区,410311,洛阳市,河南省
汝阳县,410326,洛阳市,河南省
偃师区,410307,洛阳市,河南省
老城区,410302,洛阳市,河南省
涧西区,410305,洛阳市,河南省
瀍河回族区,410304,洛阳市,河南省
嵩县,410325,洛阳市,河南省
漯河市,411100,河南省,
临颍县,411122,漯河市,河南省
郾城区,411103,漯河市,河南省
源汇区,411102,漯河市,河南省
召陵区,411104,漯河市,河南省
舞阳县,411121,漯河市,河南省
南阳市,411300,河南省,
南召县,411321,南阳市,河南省
唐河县,411328,南阳市,河南省
西峡县,411323,南阳市,河南省
卧龙区,411303,南阳市,河南省
淅川县,411326,南阳市,河南省
桐柏县,411330,南阳市,河南省
社旗县,411327,南阳市,河南省
内乡县,411325,南阳市,河南省
镇平县,411324,南阳市,河南省
方城县,411322,南阳市,河南省
新野县,411329,南阳市,河南省
邓州市,411381,南阳市,河南省
宛城区,411302,南阳市,河南省
信阳市,411500,河南省,
浉河区,411502,信阳市,河南省
淮滨县,411527,信阳市,河南省
固始县,411525,信阳市,河南省
潢川县,411526,信阳市,河南省
息县,411528,信阳市,河南省
新县,411523,信阳市,河南省
商城县,411524,信阳市,河南省
光山县,411522,信阳市,河南省
罗山县,411521,信阳市,河南省
平桥区,411503,信阳市,河南省
濮阳市,410900,河南省,
范县,410926,濮阳市,河南省
南乐县,410923,濮阳市,河南省
清丰县,410922,濮阳市,河南省
华龙区,410902,濮阳市,河南省
台前县,410927,濮阳市,河南省
濮阳县,410928,濮阳市,河南省
郑州市,410100,河南省,
登封市,410185,郑州市,河南省
中牟县,410122,郑州市,河南省
惠济区,410108,郑州市,河南省
上街区,410106,郑州市,河南省
中原区,410102,郑州市,河南省
新密市,410183,郑州市,河南省
荥阳市,410182,郑州市,河南省
金水区,410105,郑州市,河南省
巩义市,410181,郑州市,河南省
新郑市,410184,郑州市,河南省
二七区,410103,郑州市,河南省
管城回族区,410104,郑州市,河南省
三门峡市,411200,河南省,
渑池县,411221,三门峡市,河南省
湖滨区,411202,三门峡市,河南省
陕州区,411203,三门峡市,河南省
卢氏县,411224,三门峡市,河南省
灵宝市,411282,三门峡市,河南省
义马市,411281,三门峡市,河南省
济源市,419001,河南省,
许昌市,411000,河南省,
建安区,411003,许昌市,河南省
魏都区,411002,许昌市,河南省
长葛市,411082,许昌市,河南省
襄城县,411025,许昌市,河南省
鄢陵县,411024,许昌市,河南省
禹州市,411081,许昌市,河南省
焦作市,410800,河南省,
孟州市,410883,焦作市,河南省
中站区,410803,焦作市,河南省
马村区,410804,焦作市,河南省
修武县,410821,焦作市,河南省
山阳区,410811,焦作市,河南省
解放区,410802,焦作市,河南省
温县,410825,焦作市,河南省
武陟县,410823,焦作市,河南省
博爱县,410822,焦作市,河南省
沁阳市,410882,焦作市,河南省
开封市,410200,河南省,
尉氏县,410223,开封市,河南省
鼓楼区,410204,开封市,河南省
禹王台区,410205,开封市,河南省
顺河回族区,410203,开封市,河南省
通许县,410222,开封市,河南省
龙亭区,410202,开封市,河南省
祥符区,410212,开封市,河南省
兰考县,410225,开封市,河南省
杞县,410221,开封市,河南省
商丘市,411400,河南省,
宁陵县,411423,商丘市,河南省
民权县,411421,商丘市,河南省
夏邑县,411426,商丘市,河南省
虞城县,411425,商丘市,河南省
柘城县,411424,商丘市,河南省
睢县,411422,商丘市,河南省
梁园区,411402,商丘市,河南省
睢阳区,411403,商丘市,河南省
永城市,411481,商丘市,河南省
周口市,411600,河南省,
淮阳区,411603,周口市,河南省
郸城县,411625,周口市,河南省
扶沟县,411621,周口市,河南省
川汇区,411602,周口市,河南省
沈丘县,411624,周口市,河南省
鹿邑县,411628,周口市,河南省
太康县,411627,周口市,河南省
项城市,411681,周口市,河南省
西华县,411622,周口市,河南省
商水县,411623,周口市,河南省
驻马店市,411700,河南省,
西平县,411721,驻马店市,河南省
遂平县,411728,驻马店市,河南省
上蔡县,411722,驻马店市,河南省
汝南县,411727,驻马店市,河南省
平舆县,411723,驻马店市,河南省
泌阳县,411726,驻马店市,河南省
驿城区,411702,驻马店市,河南省
确山县,411725,驻马店市,河南省
正阳县,411724,驻马店市,河南省
新蔡县,411729,驻马店市,河南省
平顶山市,410400,河南省,
宝丰县,410421,平顶山市,河南省
卫东区,410403,平顶山市,河南省
石龙区,410404,平顶山市,河南省
新华区,410402,平顶山市,河南省
湛河区,410411,平顶山市,河南省
鲁山县,410423,平顶山市,河南省
汝州市,410482,平顶山市,河南省
舞钢市,410481,平顶山市,河南省
叶县,410422,平顶山市,河南省
郏县,410425,平顶山市,河南省
安阳市,410500,河南省,
林州市,410581,安阳市,河南省
文峰区,410502,安阳市,河南省
北关区,410503,安阳市,河南省
安阳县,410522,安阳市,河南省
殷都区,410505,安阳市,河南省
龙安区,410506,安阳市,河南省
汤阴县,410523,安阳市,河南省
滑县,410526,安阳市,河南省
内黄县,410527,安阳市,河南省
鹤壁市,410600,河南省,
淇县,410622,鹤壁市,河南省
鹤山区,410602,鹤壁市,河南省
山城区,410603,鹤壁市,河南省
淇滨区,410611,鹤壁市,河南省
浚县,410621,鹤壁市,河南省
新乡市,410700,河南省,
红旗区,410702,新乡市,河南省
凤泉区,410704,新乡市,河南省
牧野区,410711,新乡市,河南省
卫滨区,410703,新乡市,河南省
新乡县,410721,新乡市,河南省
延津县,410726,新乡市,河南省
卫辉市,410781,新乡市,河南省
获嘉县,410724,新乡市,河南省
长垣市,410783,新乡市,河南省
封丘县,410727,新乡市,河南省
原阳县,410725,新乡市,河南省
辉县市,410782,新乡市,河南省
广东省,440000,,
汕头市,440500,广东省,
澄海区,440515,汕头市,广东省
南澳县,440523,汕头市,广东省
濠江区,440512,汕头市,广东省
潮南区,440514,汕头市,广东省
潮阳区,440513,汕头市,广东省
金平区,440511,汕头市,广东省
龙湖区,440507,汕头市,广东省
佛山市,440600,广东省,
高明区,440608,佛山市,广东省
三水区,440607,佛山市,广东省
南海区,440605,佛山市,广东省
禅城区,440604,佛山市,广东省
顺德区,440606,佛山市,广东省
肇庆市,441200,广东省,
封开县,441225,肇庆市,广东省
德庆县,441226,肇庆市,广东省
端州区,441202,肇庆市,广东省
高要区,441204,肇庆市,广东省
怀集县,441224,肇庆市,广东省
鼎湖区,441203,肇庆市,广东省
广宁县,441223,肇庆市,广东省
四会市,441284,肇庆市,广东省
惠州市,441300,广东省,
惠东县,441323,惠州市,广东省
惠阳区,441303,惠州市,广东省
龙门县,441324,惠州市,广东省
博罗县,441322,惠州市,广东省
惠城区,441302,惠州市,广东省
深圳市,440300,广东省,
宝安区,440306,深圳市,广东省
南山区,440305,深圳市,广东省
龙岗区,440307,深圳市,广东省
光明区,440311,深圳市,广东省
福田区,440304,深圳市,广东省
罗湖区,440303,深圳市,广东省
龙华区,440309,深圳市,广东省
盐田区,440308,深圳市,广东省
坪山区,440310,深圳市,广东省
珠海市,440400,广东省,
香洲区,440402,珠海市,广东省
斗门区,440403,珠海市,广东省
金湾区,440404,珠海市,广东省
澳门大学横琴校区(由澳门实施管辖),440499,珠海市,广东省
江门市,440700,广东省,
台山市,440781,江门市,广东省
江海区,440704,江门市,广东省
恩平市,440785,江门市,广东省
鹤山市,440784,江门市,广东省
蓬江区,440703,江门市,广东省
新会区,440705,江门市,广东省
开平市,440783,江门市,广东省
阳江市,441700,广东省,
阳西县,441721,阳江市,广东省
江城区,441702,阳江市,广东省
阳东区,441704,阳江市,广东省
阳春市,441781,阳江市,广东省
茂名市,440900,广东省,
化州市,440982,茂名市,广东省
电白区,440904,茂名市,广东省
高州市,440981,茂名市,广东省
信宜市,440983,茂名市,广东省
茂南区,440902,茂名市,广东省
湛江市,440800,广东省,
吴川市,440883,湛江市,广东省
麻章区,440811,湛江市,广东省
徐闻县,440825,湛江市,广东省
坡头区,440804,湛江市,广东省
霞山区,440803,湛江市,广东省
雷州市,440882,湛江市,广东省
遂溪县,440823,湛江市,广东省
赤坎区,440802,湛江市,广东省
廉江市,440881,湛江市,广东省
汕尾市,441500,广东省,
陆丰市,441581,汕尾市,广东省
海丰县,441521,汕尾市,广东省
城区,441502,汕尾市,广东省
陆河县,441523,汕尾市,广东省
潮州市,445100,广东省,
饶平县,445122,潮州市,广东省
湘桥区,445102,潮州市,广东省
潮安区,445103,潮州市,广东省
揭阳市,445200,广东省,
惠来县,445224,揭阳市,广东省
揭西县,445222,揭阳市,广东省
普宁市,445281,揭阳市,广东省
揭东区,445203,揭阳市,广东省
榕城区,445202,揭阳市,广东省
广州市,440100,广东省,
海珠区,440105,广州市,广东省
从化区,440117,广州市,广东省
花都区,440114,广州市,广东省
天河区,440106,广州市,广东省
越秀区,440104,广州市,广东省
白云区,440111,广州市,广东省
南沙区,440115,广州市,广东省
荔湾区,440103,广州市,广东省
番禺区,440113,广州市,广东省
增城区,440118,广州市,广东省
黄埔区,440112,广州市,广东省
梅州市,441400,广东省,
兴宁市,441481,梅州市,广东省
蕉岭县,441427,梅州市,广东省
五华县,441424,梅州市,广东省
大埔县,441422,梅州市,广东省
梅江区,441402,梅州市,广东省
梅县区,441403,梅州市,广东省
丰顺县,441423,梅州市,广东省
平远县,441426,梅州市,广东省
清远市,441800,广东省,
英德市,441881,清远市,广东省
连州市,441882,清远市,广东省
连南瑶族自治县,441826,清远市,广东省
阳山县,441823,清远市,广东省
佛冈县,441821,清远市,广东省
连山壮族瑶族自治县,441825,清远市,广东省
清新区,441803,清远市,广东省
清城区,441802,清远市,广东省
东莞市,441900,广东省,
韶关市,440200,广东省,
仁化县,440224,韶关市,广东省
南雄市,440282,韶关市,广东省
始兴县,440222,韶关市,广东省
乐昌市,440281,韶关市,广东省
翁源县,440229,韶关市,广东省
新丰县,440233,韶关市,广东省
浈江区,440204,韶关市,广东省
曲江区,440205,韶关市,广东省
武江区,440203,韶关市,广东省
乳源瑶族自治县,440232,韶关市,广东省
河源市,441600,广东省,
和平县,441624,河源市,广东省
龙川县,441622,河源市,广东省
源城区,441602,河源市,广东省
紫金县,441621,河源市,广东省
东源县,441625,河源市,广东省
连平县,441623,河源市,广东省
云浮市,445300,广东省,
郁南县,445322,云浮市,广东省
罗定市,445381,云浮市,广东省
云安区,445303,云浮市,广东省
云城区,445302,云浮市,广东省
新兴县,445321,云浮市,广东省
中山市,442000,广东省,
内蒙古自治区,150000,,
乌海市,150300,内蒙古自治区,
海勃湾区,150302,乌海市,内蒙古自治区
乌达区,150304,乌海市,内蒙古自治区
海南区,150303,乌海市,内蒙古自治区
包头市,150200,内蒙古自治区,
土默特右旗,150221,包头市,内蒙古自治区
达尔罕茂明安联合旗,150223,包头市,内蒙古自治区
白云鄂博矿区,150206,包头市,内蒙古自治区
东河区,150202,包头市,内蒙古自治区
固阳县,150222,包头市,内蒙古自治区
石拐区,150205,包头市,内蒙古自治区
青山区,150204,包头市,内蒙古自治区
昆都仑区,150203,包头市,内蒙古自治区
九原区,150207,包头市,内蒙古自治区
巴彦淖尔市,150800,内蒙古自治区,
乌拉特中旗,150824,巴彦淖尔市,内蒙古自治区
磴口县,150822,巴彦淖尔市,内蒙古自治区
乌拉特后旗,150825,巴彦淖尔市,内蒙古自治区
杭锦后旗,150826,巴彦淖尔市,内蒙古自治区
临河区,150802,巴彦淖尔市,内蒙古自治区
五原县,150821,巴彦淖尔市,内蒙古自治区
乌拉特前旗,150823,巴彦淖尔市,内蒙古自治区
呼伦贝尔市,150700,内蒙古自治区,
根河市,150785,呼伦贝尔市,内蒙古自治区
牙克石市,150782,呼伦贝尔市,内蒙古自治区
海拉尔区,150702,呼伦贝尔市,内蒙古自治区
扎兰屯市,150783,呼伦贝尔市,内蒙古自治区
鄂温克族自治旗,150724,呼伦贝尔市,内蒙古自治区
阿荣旗,150721,呼伦贝尔市,内蒙古自治区
满洲里市,150781,呼伦贝尔市,内蒙古自治区
新巴尔虎右旗,150727,呼伦贝尔市,内蒙古自治区
扎赉诺尔区,150703,呼伦贝尔市,内蒙古自治区
鄂伦春自治旗,150723,呼伦贝尔市,内蒙古自治区
额尔古纳市,150784,呼伦贝尔市,内蒙古自治区
新巴尔虎左旗,150726,呼伦贝尔市,内蒙古自治区
莫力达瓦达斡尔族自治旗,150722,呼伦贝尔市,内蒙古自治区
陈巴尔虎旗,150725,呼伦贝尔市,内蒙古自治区
兴安盟,152200,内蒙古自治区,
阿尔山市,152202,兴安盟,内蒙古自治区
科尔沁右翼中旗,152222,兴安盟,内蒙古自治区
突泉县,152224,兴安盟,内蒙古自治区
扎赉特旗,152223,兴安盟,内蒙古自治区
科尔沁右翼前旗,152221,兴安盟,内蒙古自治区
乌兰浩特市,152201,兴安盟,内蒙古自治区
通辽市,150500,内蒙古自治区,
霍林郭勒市,150581,通辽市,内蒙古自治区
开鲁县,150523,通辽市,内蒙古自治区
奈曼旗,150525,通辽市,内蒙古自治区
库伦旗,150524,通辽市,内蒙古自治区
扎鲁特旗,150526,通辽市,内蒙古自治区
科尔沁左翼中旗,150521,通辽市,内蒙古自治区
科尔沁左翼后旗,150522,通辽市,内蒙古自治区
科尔沁区,150502,通辽市,内蒙古自治区
赤峰市,150400,内蒙古自治区,
巴林左旗,150422,赤峰市,内蒙古自治区
敖汉旗,150430,赤峰市,内蒙古自治区
红山区,150402,赤峰市,内蒙古自治区
翁牛特旗,150426,赤峰市,内蒙古自治区
克什克腾旗,150425,赤峰市,内蒙古自治区
宁城县,150429,赤峰市,内蒙古自治区
阿鲁科尔沁旗,150421,赤峰市,内蒙古自治区
元宝山区,150403,赤峰市,内蒙古自治区
松山区,150404,赤峰市,内蒙古自治区
喀喇沁旗,150428,赤峰市,内蒙古自治区
巴林右旗,150423,赤峰市,内蒙古自治区
林西县,150424,赤峰市,内蒙古自治区
锡林郭勒盟,152500,内蒙古自治区,
东乌珠穆沁旗,152525,锡林郭勒盟,内蒙古自治区
阿巴嘎旗,152522,锡林郭勒盟,内蒙古自治区
西乌珠穆沁旗,152526,锡林郭勒盟,内蒙古自治区
苏尼特左旗,152523,锡林郭勒盟,内蒙古自治区
锡林浩特市,152502,锡林郭勒盟,内蒙古自治区
二连浩特市,152501,锡林郭勒盟,内蒙古自治区
苏尼特右旗,152524,锡林郭勒盟,内蒙古自治区
正蓝旗,152530,锡林郭勒盟,内蒙古自治区
正镶白旗,152529,锡林郭勒盟,内蒙古自治区
镶黄旗,152528,锡林郭勒盟,内蒙古自治区
多伦县,152531,锡林郭勒盟,内蒙古自治区
太仆寺旗,152527,锡林郭勒盟,内蒙古自治区
乌兰察布市,150900,内蒙古自治区,
四子王旗,150929,乌兰察布市,内蒙古自治区
化德县,150922,乌兰察布市,内蒙古自治区
商都县,150923,乌兰察布市,内蒙古自治区
察哈尔右翼中旗,150927,乌兰察布市,内蒙古自治区
察哈尔右翼后旗,150928,乌兰察布市,内蒙古自治区
卓资县,150921,乌兰察布市,内蒙古自治区
集宁区,150902,乌兰察布市,内蒙古自治区
察哈尔右翼前旗,150926,乌兰察布市,内蒙古自治区
兴和县,150924,乌兰察布市,内蒙古自治区
丰镇市,150981,乌兰察布市,内蒙古自治区
凉城县,150925,乌兰察布市,内蒙古自治区
阿拉善盟,152900,内蒙古自治区,
额济纳旗,152923,阿拉善盟,内蒙古自治区
阿拉善右旗,152922,阿拉善盟,内蒙古自治区
阿拉善左旗,152921,阿拉善盟,内蒙古自治区
鄂尔多斯市,150600,内蒙古自治区,
杭锦旗,150625,鄂尔多斯市,内蒙古自治区
鄂托克旗,150624,鄂尔多斯市,内蒙古自治区
达拉特旗,150621,鄂尔多斯市,内蒙古自治区
鄂托克前旗,150623,鄂尔多斯市,内蒙古自治区
康巴什区,150603,鄂尔多斯市,内蒙古自治区
伊金霍洛旗,150627,鄂尔多斯市,内蒙古自治区
东胜区,150602,鄂尔多斯市,内蒙古自治区
准格尔旗,150622,鄂尔多斯市,内蒙古自治区
乌审旗,150626,鄂尔多斯市,内蒙古自治区
呼和浩特市,150100,内蒙古自治区,
武川县,150125,呼和浩特市,内蒙古自治区
托克托县,150122,呼和浩特市,内蒙古自治区
新城区,150102,呼和浩特市,内蒙古自治区
和林格尔县,150123,呼和浩特市,内蒙古自治区
赛罕区,150105,呼和浩特市,内蒙古自治区
玉泉区,150104,呼和浩特市,内蒙古自治区
清水河县,150124,呼和浩特市,内蒙古自治区
回民区,150103,呼和浩特市,内蒙古自治区
土默特左旗,150121,呼和浩特市,内蒙古自治区
黑龙江省,230000,,
大兴安岭地区,232700,黑龙江省,
呼玛县,232721,大兴安岭地区,黑龙江省
加格达奇区,232718,大兴安岭地区,黑龙江省
漠河市,232701,大兴安岭地区,黑龙江省
塔河县,232722,大兴安岭地区,黑龙江省
鹤岗市,230400,黑龙江省,
绥滨县,230422,鹤岗市,黑龙江省
工农区,230403,鹤岗市,黑龙江省
兴山区,230407,鹤岗市,黑龙江省
兴安区,230405,鹤岗市,黑龙江省
向阳区,230402,鹤岗市,黑龙江省
南山区,230404,鹤岗市,黑龙江省
萝北县,230421,鹤岗市,黑龙江省
东山区,230406,鹤岗市,黑龙江省
黑河市,231100,黑龙江省,
北安市,231181,黑河市,黑龙江省
逊克县,231123,黑河市,黑龙江省
五大连池市,231182,黑河市,黑龙江省
嫩江市,231183,黑河市,黑龙江省
孙吴县,231124,黑河市,黑龙江省
爱辉区,231102,黑河市,黑龙江省
牡丹江市,231000,黑龙江省,
爱民区,231004,牡丹江市,黑龙江省
东安区,231002,牡丹江市,黑龙江省
绥芬河市,231081,牡丹江市,黑龙江省
东宁市,231086,牡丹江市,黑龙江省
宁安市,231084,牡丹江市,黑龙江省
西安区,231005,牡丹江市,黑龙江省
海林市,231083,牡丹江市,黑龙江省
穆棱市,231085,牡丹江市,黑龙江省
阳明区,231003,牡丹江市,黑龙江省
林口县,231025,牡丹江市,黑龙江省
伊春市,230700,黑龙江省,
嘉荫县,230722,伊春市,黑龙江省
汤旺县,230723,伊春市,黑龙江省
丰林县,230724,伊春市,黑龙江省
友好区,230719,伊春市,黑龙江省
金林区,230751,伊春市,黑龙江省
南岔县,230726,伊春市,黑龙江省
大箐山县,230725,伊春市,黑龙江省
铁力市,230781,伊春市,黑龙江省
伊美区,230717,伊春市,黑龙江省
乌翠区,230718,伊春市,黑龙江省
鸡西市,230300,黑龙江省,
滴道区,230304,鸡西市,黑龙江省
麻山区,230307,鸡西市,黑龙江省
梨树区,230305,鸡西市,黑龙江省
恒山区,230303,鸡西市,黑龙江省
鸡冠区,230302,鸡西市,黑龙江省
虎林市,230381,鸡西市,黑龙江省
密山市,230382,鸡西市,黑龙江省
城子河区,230306,鸡西市,黑龙江省
鸡东县,230321,鸡西市,黑龙江省
齐齐哈尔市,230200,黑龙江省,
克山县,230229,齐齐哈尔市,黑龙江省
甘南县,230225,齐齐哈尔市,黑龙江省
克东县,230230,齐齐哈尔市,黑龙江省
依安县,230223,齐齐哈尔市,黑龙江省
富裕县,230227,齐齐哈尔市,黑龙江省
梅里斯达斡尔族区,230208,齐齐哈尔市,黑龙江省
碾子山区,230207,齐齐哈尔市,黑龙江省
龙江县,230221,齐齐哈尔市,黑龙江省
富拉尔基区,230206,齐齐哈尔市,黑龙江省
龙沙区,230202,齐齐哈尔市,黑龙江省
昂昂溪区,230205,齐齐哈尔市,黑龙江省
泰来县,230224,齐齐哈尔市,黑龙江省
拜泉县,230231,齐齐哈尔市,黑龙江省
铁锋区,230204,齐齐哈尔市,黑龙江省
建华区,230203,齐齐哈尔市,黑龙江省
讷河市,230281,齐齐哈尔市,黑龙江省
绥化市,231200,黑龙江省,
绥棱县,231226,绥化市,黑龙江省
海伦市,231283,绥化市,黑龙江省
庆安县,231224,绥化市,黑龙江省
北林区,231202,绥化市,黑龙江省
望奎县,231221,绥化市,黑龙江省
青冈县,231223,绥化市,黑龙江省
明水县,231225,绥化市,黑龙江省
兰西县,231222,绥化市,黑龙江省
肇东市,231282,绥化市,黑龙江省
安达市,231281,绥化市,黑龙江省
大庆市,230600,黑龙江省,
红岗区,230605,大庆市,黑龙江省
大同区,230606,大庆市,黑龙江省
林甸县,230623,大庆市,黑龙江省
让胡路区,230604,大庆市,黑龙江省
杜尔伯特蒙古族自治县,230624,大庆市,黑龙江省
萨尔图区,230602,大庆市,黑龙江省
龙凤区,230603,大庆市,黑龙江省
肇州县,230621,大庆市,黑龙江省
肇源县,230622,大庆市,黑龙江省
哈尔滨市,230100,黑龙江省,
巴彦县,230126,哈尔滨市,黑龙江省
依兰县,230123,哈尔滨市,黑龙江省
通河县,230128,哈尔滨市,黑龙江省
木兰县,230127,哈尔滨市,黑龙江省
宾县,230125,哈尔滨市,黑龙江省
方正县,230124,哈尔滨市,黑龙江省
延寿县,230129,哈尔滨市,黑龙江省
尚志市,230183,哈尔滨市,黑龙江省
松北区,230109,哈尔滨市,黑龙江省
呼兰区,230111,哈尔滨市,黑龙江省
双城区,230113,哈尔滨市,黑龙江省
平房区,230108,哈尔滨市,黑龙江省
道外区,230104,哈尔滨市,黑龙江省
阿城区,230112,哈尔滨市,黑龙江省
香坊区,230110,哈尔滨市,黑龙江省
五常市,230184,哈尔滨市,黑龙江省
道里区,230102,哈尔滨市,黑龙江省
南岗区,230103,哈尔滨市,黑龙江省
佳木斯市,230800,黑龙江省,
汤原县,230828,佳木斯市,黑龙江省
富锦市,230882,佳木斯市,黑龙江省
同江市,230881,佳木斯市,黑龙江省
抚远市,230883,佳木斯市,黑龙江省
桦川县,230826,佳木斯市,黑龙江省
前进区,230804,佳木斯市,黑龙江省
东风区,230805,佳木斯市,黑龙江省
郊区,230811,佳木斯市,黑龙江省
向阳区,230803,佳木斯市,黑龙江省
桦南县,230822,佳木斯市,黑龙江省
七台河市,230900,黑龙江省,
勃利县,230921,七台河市,黑龙江省
桃山区,230903,七台河市,黑龙江省
茄子河区,230904,七台河市,黑龙江省
新兴区,230902,七台河市,黑龙江省
双鸭山市,230500,黑龙江省,
友谊县,230522,双鸭山市,黑龙江省
尖山区,230502,双鸭山市,黑龙江省
岭东区,230503,双鸭山市,黑龙江省
宝山区,230506,双鸭山市,黑龙江省
集贤县,230521,双鸭山市,黑龙江省
四方台区,230505,双鸭山市,黑龙江省
饶河县,230524,双鸭山市,黑龙江省
宝清县,230523,双鸭山市,黑龙江省
新疆维吾尔自治区,650000,,
北屯市,659005,新疆维吾尔自治区,
可克达拉市,659008,新疆维吾尔自治区,
双河市,659007,新疆维吾尔自治区,
铁门关市,659006,新疆维吾尔自治区,
塔城地区,654200,新疆维吾尔自治区,
和布克赛尔蒙古自治县,654226,塔城地区,新疆维吾尔自治区
额敏县,654221,塔城地区,新疆维吾尔自治区
托里县,654224,塔城地区,新疆维吾尔自治区
乌苏市,654202,塔城地区,新疆维吾尔自治区
裕民县,654225,塔城地区,新疆维吾尔自治区
塔城市,654201,塔城地区,新疆维吾尔自治区
沙湾市,654203,塔城地区,新疆维吾尔自治区
昆玉市,659009,新疆维吾尔自治区,
和田地区,653200,新疆维吾尔自治区,
民丰县,653227,和田地区,新疆维吾尔自治区
于田县,653226,和田地区,新疆维吾尔自治区
和田市,653201,和田地区,新疆维吾尔自治区
洛浦县,653224,和田地区,新疆维吾尔自治区
皮山县,653223,和田地区,新疆维吾尔自治区
墨玉县,653222,和田地区,新疆维吾尔自治区
策勒县,653225,和田地区,新疆维吾尔自治区
和田县,653221,和田地区,新疆维吾尔自治区
阿勒泰地区,654300,新疆维吾尔自治区,
布尔津县,654321,阿勒泰地区,新疆维吾尔自治区
哈巴河县,654324,阿勒泰地区,新疆维吾尔自治区
富蕴县,654322,阿勒泰地区,新疆维吾尔自治区
吉木乃县,654326,阿勒泰地区,新疆维吾尔自治区
青河县,654325,阿勒泰地区,新疆维吾尔自治区
福海县,654323,阿勒泰地区,新疆维吾尔自治区
阿勒泰市,654301,阿勒泰地区,新疆维吾尔自治区
石河子市,659001,新疆维吾尔自治区,
昌吉回族自治州,652300,新疆维吾尔自治区,
奇台县,652325,昌吉回族自治州,新疆维吾尔自治区
玛纳斯县,652324,昌吉回族自治州,新疆维吾尔自治区
呼图壁县,652323,昌吉回族自治州,新疆维吾尔自治区
木垒哈萨克自治县,652328,昌吉回族自治州,新疆维吾尔自治区
阜康市,652302,昌吉回族自治州,新疆维吾尔自治区
吉木萨尔县,652327,昌吉回族自治州,新疆维吾尔自治区
昌吉市,652301,昌吉回族自治州,新疆维吾尔自治区
巴音郭楞蒙古自治州,652800,新疆维吾尔自治区,
库尔勒市,652801,巴音郭楞蒙古自治州,新疆维吾尔自治区
轮台县,652822,巴音郭楞蒙古自治州,新疆维吾尔自治区
且末县,652825,巴音郭楞蒙古自治州,新疆维吾尔自治区
焉耆回族自治县,652826,巴音郭楞蒙古自治州,新疆维吾尔自治区
若羌县,652824,巴音郭楞蒙古自治州,新疆维吾尔自治区
博湖县,652829,巴音郭楞蒙古自治州,新疆维吾尔自治区
和硕县,652828,巴音郭楞蒙古自治州,新疆维吾尔自治区
和静县,652827,巴音郭楞蒙古自治州,新疆维吾尔自治区
尉犁县,652823,巴音郭楞蒙古自治州,新疆维吾尔自治区
博尔塔拉蒙古自治州,652700,新疆维吾尔自治区,
温泉县,652723,博尔塔拉蒙古自治州,新疆维吾尔自治区
阿拉山口市,652702,博尔塔拉蒙古自治州,新疆维吾尔自治区
博乐市,652701,博尔塔拉蒙古自治州,新疆维吾尔自治区
精河县,652722,博尔塔拉蒙古自治州,新疆维吾尔自治区
伊犁哈萨克自治州,654000,新疆维吾尔自治区,
巩留县,654024,伊犁哈萨克自治州,新疆维吾尔自治区
特克斯县,654027,伊犁哈萨克自治州,新疆维吾尔自治区
昭苏县,654026,伊犁哈萨克自治州,新疆维吾尔自治区
霍城县,654023,伊犁哈萨克自治州,新疆维吾尔自治区
察布查尔锡伯自治县,654022,伊犁哈萨克自治州,新疆维吾尔自治区
霍尔果斯市,654004,伊犁哈萨克自治州,新疆维吾尔自治区
奎屯市,654003,伊犁哈萨克自治州,新疆维吾尔自治区
尼勒克县,654028,伊犁哈萨克自治州,新疆维吾尔自治区
新源县,654025,伊犁哈萨克自治州,新疆维吾尔自治区
伊宁县,654021,伊犁哈萨克自治州,新疆维吾尔自治区
伊宁市,654002,伊犁哈萨克自治州,新疆维吾尔自治区
阿拉尔市,659002,新疆维吾尔自治区,
喀什地区,653100,新疆维吾尔自治区,
塔什库尔干塔吉克自治县,653131,喀什地区,新疆维吾尔自治区
泽普县,653124,喀什地区,新疆维吾尔自治区
巴楚县,653130,喀什地区,新疆维吾尔自治区
岳普湖县,653128,喀什地区,新疆维吾尔自治区
喀什市,653101,喀什地区,新疆维吾尔自治区
疏附县,653121,喀什地区,新疆维吾尔自治区
疏勒县,653122,喀什地区,新疆维吾尔自治区
英吉沙县,653123,喀什地区,新疆维吾尔自治区
麦盖提县,653127,喀什地区,新疆维吾尔自治区
莎车县,653125,喀什地区,新疆维吾尔自治区
叶城县,653126,喀什地区,新疆维吾尔自治区
伽师县,653129,喀什地区,新疆维吾尔自治区
克拉玛依市,650200,新疆维吾尔自治区,
乌尔禾区,650205,克拉玛依市,新疆维吾尔自治区
独山子区,650202,克拉玛依市,新疆维吾尔自治区
白碱滩区,650204,克拉玛依市,新疆维吾尔自治区
克拉玛依区,650203,克拉玛依市,新疆维吾尔自治区
吐鲁番市,650400,新疆维吾尔自治区,
高昌区,650402,吐鲁番市,新疆维吾尔自治区
鄯善县,650421,吐鲁番市,新疆维吾尔自治区
托克逊县,650422,吐鲁番市,新疆维吾尔自治区
哈密市,650500,新疆维吾尔自治区,
伊吾县,650522,哈密市,新疆维吾尔自治区
巴里坤哈萨克自治县,650521,哈密市,新疆维吾尔自治区
伊州区,650502,哈密市,新疆维吾尔自治区
新星市,659011,新疆维吾尔自治区,
图木舒克市,659003,新疆维吾尔自治区,
阿克苏地区,652900,新疆维吾尔自治区,
拜城县,652926,阿克苏地区,新疆维吾尔自治区
库车市,652902,阿克苏地区,新疆维吾尔自治区
新和县,652925,阿克苏地区,新疆维吾尔自治区
沙雅县,652924,阿克苏地区,新疆维吾尔自治区
阿克苏市,652901,阿克苏地区,新疆维吾尔自治区
阿瓦提县,652928,阿克苏地区,新疆维吾尔自治区
柯坪县,652929,阿克苏地区,新疆维吾尔自治区
温宿县,652922,阿克苏地区,新疆维吾尔自治区
乌什县,652927,阿克苏地区,新疆维吾尔自治区
乌鲁木齐市,650100,新疆维吾尔自治区,
达坂城区,650107,乌鲁木齐市,新疆维吾尔自治区
头屯河区,650106,乌鲁木齐市,新疆维吾尔自治区
新市区,650104,乌鲁木齐市,新疆维吾尔自治区
米东区,650109,乌鲁木齐市,新疆维吾尔自治区
水磨沟区,650105,乌鲁木齐市,新疆维吾尔自治区
天山区,650102,乌鲁木齐市,新疆维吾尔自治区
沙依巴克区,650103,乌鲁木齐市,新疆维吾尔自治区
乌鲁木齐县,650121,乌鲁木齐市,新疆维吾尔自治区
胡杨河市,659010,新疆维吾尔自治区,
五家渠市,659004,新疆维吾尔自治区,
白杨市,659012,新疆维吾尔自治区,
克孜勒苏柯尔克孜自治州,653000,新疆维吾尔自治区,
阿合奇县,653023,克孜勒苏柯尔克孜自治州,新疆维吾尔自治区
阿克陶县,653022,克孜勒苏柯尔克孜自治州,新疆维吾尔自治区
乌恰县,653024,克孜勒苏柯尔克孜自治州,新疆维吾尔自治区
阿图什市,653001,克孜勒苏柯尔克孜自治州,新疆维吾尔自治区
湖北省,420000,,
襄阳市,420600,湖北省,
谷城县,420625,襄阳市,湖北省
枣阳市,420683,襄阳市,湖北省
保康县,420626,襄阳市,湖北省
南漳县,420624,襄阳市,湖北省
襄城区,420602,襄阳市,湖北省
樊城区,420606,襄阳市,湖北省
襄州区,420607,襄阳市,湖北省
宜城市,420684,襄阳市,湖北省
老河口市,420682,襄阳市,湖北省
十堰市,420300,湖北省,
郧阳区,420304,十堰市,湖北省
张湾区,420303,十堰市,湖北省
竹山县,420323,十堰市,湖北省
竹溪县,420324,十堰市,湖北省
茅箭区,420302,十堰市,湖北省
房县,420325,十堰市,湖北省
丹江口市,420381,十堰市,湖北省
郧西县,420322,十堰市,湖北省
宜昌市,420500,湖北省,
兴山县,420526,宜昌市,湖北省
点军区,420504,宜昌市,湖北省
秭归县,420527,宜昌市,湖北省
当阳市,420582,宜昌市,湖北省
宜都市,420581,宜昌市,湖北省
远安县,420525,宜昌市,湖北省
五峰土家族自治县,420529,宜昌市,湖北省
西陵区,420502,宜昌市,湖北省
夷陵区,420506,宜昌市,湖北省
枝江市,420583,宜昌市,湖北省
猇亭区,420505,宜昌市,湖北省
伍家岗区,420503,宜昌市,湖北省
长阳土家族自治县,420528,宜昌市,湖北省
武汉市,420100,湖北省,
新洲区,420117,武汉市,湖北省
汉南区,420113,武汉市,湖北省
蔡甸区,420114,武汉市,湖北省
江夏区,420115,武汉市,湖北省
武昌区,420106,武汉市,湖北省
江汉区,420103,武汉市,湖北省
江岸区,420102,武汉市,湖北省
青山区,420107,武汉市,湖北省
东西湖区,420112,武汉市,湖北省
汉阳区,420105,武汉市,湖北省
硚口区,420104,武汉市,湖北省
黄陂区,420116,武汉市,湖北省
洪山区,420111,武汉市,湖北省
黄冈市,421100,湖北省,
麻城市,421181,黄冈市,湖北省
黄州区,421102,黄冈市,湖北省
团风县,421121,黄冈市,湖北省
黄梅县,421127,黄冈市,湖北省
武穴市,421182,黄冈市,湖北省
英山县,421124,黄冈市,湖北省
红安县,421122,黄冈市,湖北省
浠水县,421125,黄冈市,湖北省
蕲春县,421126,黄冈市,湖北省
罗田县,421123,黄冈市,湖北省
天门市,429006,湖北省,
孝感市,420900,湖北省,
应城市,420981,孝感市,湖北省
孝南区,420902,孝感市,湖北省
云梦县,420923,孝感市,湖北省
汉川市,420984,孝感市,湖北省
安陆市,420982,孝感市,湖北省
孝昌县,420921,孝感市,湖北省
大悟县,420922,孝感市,湖北省
潜江市,429005,湖北省,
荆门市,420800,湖北省,
京山市,420882,荆门市,湖北省
沙洋县,420822,荆门市,湖北省
钟祥市,420881,荆门市,湖北省
掇刀区,420804,荆门市,湖北省
东宝区,420802,荆门市,湖北省
恩施土家族苗族自治州,422800,湖北省,
建始县,422822,恩施土家族苗族自治州,湖北省
利川市,422802,恩施土家族苗族自治州,湖北省
来凤县,422827,恩施土家族苗族自治州,湖北省
鹤峰县,422828,恩施土家族苗族自治州,湖北省
巴东县,422823,恩施土家族苗族自治州,湖北省
恩施市,422801,恩施土家族苗族自治州,湖北省
宣恩县,422825,恩施土家族苗族自治州,湖北省
咸丰县,422826,恩施土家族苗族自治州,湖北省
仙桃市,429004,湖北省,
荆州市,421000,湖北省,
江陵县,421024,荆州市,湖北省
洪湖市,421083,荆州市,湖北省
监利市,421088,荆州市,湖北省
松滋市,421087,荆州市,湖北省
公安县,421022,荆州市,湖北省
石首市,421081,荆州市,湖北省
沙市区,421002,荆州市,湖北省
荆州区,421003,荆州市,湖北省
咸宁市,421200,湖北省,
嘉鱼县,421221,咸宁市,湖北省
赤壁市,421281,咸宁市,湖北省
通山县,421224,咸宁市,湖北省
通城县,421222,咸宁市,湖北省
崇阳县,421223,咸宁市,湖北省
咸安区,421202,咸宁市,湖北省
神农架林区,429021,湖北省,
随州市,421300,湖北省,
随县,421321,随州市,湖北省
曾都区,421303,随州市,湖北省
广水市,421381,随州市,湖北省
鄂州市,420700,湖北省,
梁子湖区,420702,鄂州市,湖北省
华容区,420703,鄂州市,湖北省
鄂城区,420704,鄂州市,湖北省
黄石市,420200,湖北省,
铁山区,420205,黄石市,湖北省
西塞山区,420203,黄石市,湖北省
阳新县,420222,黄石市,湖北省
黄石港区,420202,黄石市,湖北省
下陆区,420204,黄石市,湖北省
大冶市,420281,黄石市,湖北省
辽宁省,210000,,
葫芦岛市,211400,辽宁省,
龙港区,211403,葫芦岛市,辽宁省
建昌县,211422,葫芦岛市,辽宁省
兴城市,211481,葫芦岛市,辽宁省
绥中县,211421,葫芦岛市,辽宁省
南票区,211404,葫芦岛市,辽宁省
连山区,211402,葫芦岛市,辽宁省
大连市,210200,辽宁省,
瓦房店市,210281,大连市,辽宁省
庄河市,210283,大连市,辽宁省
普兰店区,210214,大连市,辽宁省
金州区,210213,大连市,辽宁省
长海县,210224,大连市,辽宁省
甘井子区,210211,大连市,辽宁省
旅顺口区,210212,大连市,辽宁省
西岗区,210203,大连市,辽宁省
中山区,210202,大连市,辽宁省
沙河口区,210204,大连市,辽宁省
丹东市,210600,辽宁省,
凤城市,210682,丹东市,辽宁省
振安区,210604,丹东市,辽宁省
东港市,210681,丹东市,辽宁省
振兴区,210603,丹东市,辽宁省
宽甸满族自治县,210624,丹东市,辽宁省
元宝区,210602,丹东市,辽宁省
锦州市,210700,辽宁省,
太和区,210711,锦州市,辽宁省
凌海市,210781,锦州市,辽宁省
北镇市,210782,锦州市,辽宁省
古塔区,210702,锦州市,辽宁省
黑山县,210726,锦州市,辽宁省
义县,210727,锦州市,辽宁省
凌河区,210703,锦州市,辽宁省
沈阳市,210100,辽宁省,
于洪区,210114,沈阳市,辽宁省
康平县,210123,沈阳市,辽宁省
法库县,210124,沈阳市,辽宁省
沈河区,210103,沈阳市,辽宁省
大东区,210104,沈阳市,辽宁省
浑南区,210112,沈阳市,辽宁省
铁西区,210106,沈阳市,辽宁省
辽中区,210115,沈阳市,辽宁省
苏家屯区,210111,沈阳市,辽宁省
和平区,210102,沈阳市,辽宁省
沈北新区,210113,沈阳市,辽宁省
皇姑区,210105,沈阳市,辽宁省
新民市,210181,沈阳市,辽宁省
铁岭市,211200,辽宁省,
开原市,211282,铁岭市,辽宁省
清河区,211204,铁岭市,辽宁省
调兵山市,211281,铁岭市,辽宁省
铁岭县,211221,铁岭市,辽宁省
银州区,211202,铁岭市,辽宁省
西丰县,211223,铁岭市,辽宁省
昌图县,211224,铁岭市,辽宁省
阜新市,210900,辽宁省,
太平区,210904,阜新市,辽宁省
清河门区,210905,阜新市,辽宁省
新邱区,210903,阜新市,辽宁省
阜新蒙古族自治县,210921,阜新市,辽宁省
彰武县,210922,阜新市,辽宁省
细河区,210911,阜新市,辽宁省
海州区,210902,阜新市,辽宁省
本溪市,210500,辽宁省,
桓仁满族自治县,210522,本溪市,辽宁省
南芬区,210505,本溪市,辽宁省
明山区,210504,本溪市,辽宁省
本溪满族自治县,210521,本溪市,辽宁省
溪湖区,210503,本溪市,辽宁省
平山区,210502,本溪市,辽宁省
辽阳市,211000,辽宁省,
太子河区,211011,辽阳市,辽宁省
弓长岭区,211005,辽阳市,辽宁省
灯塔市,211081,辽阳市,辽宁省
辽阳县,211021,辽阳市,辽宁省
宏伟区,211004,辽阳市,辽宁省
白塔区,211002,辽阳市,辽宁省
文圣区,211003,辽阳市,辽宁省
抚顺市,210400,辽宁省,
新宾满族自治县,210422,抚顺市,辽宁省
顺城区,210411,抚顺市,辽宁省
望花区,210404,抚顺市,辽宁省
新抚区,210402,抚顺市,辽宁省
抚顺县,210421,抚顺市,辽宁省
东洲区,210403,抚顺市,辽宁省
清原满族自治县,210423,抚顺市,辽宁省
盘锦市,211100,辽宁省,
双台子区,211102,盘锦市,辽宁省
盘山县,211122,盘锦市,辽宁省
兴隆台区,211103,盘锦市,辽宁省
大洼区,211104,盘锦市,辽宁省
朝阳市,211300,辽宁省,
凌源市,211382,朝阳市,辽宁省
喀喇沁左翼蒙古族自治县,211324,朝阳市,辽宁省
北票市,211381,朝阳市,辽宁省
龙城区,211303,朝阳市,辽宁省
双塔区,211302,朝阳市,辽宁省
朝阳县,211321,朝阳市,辽宁省
建平县,211322,朝阳市,辽宁省
鞍山市,210300,辽宁省,
岫岩满族自治县,210323,鞍山市,辽宁省
立山区,210304,鞍山市,辽宁省
铁东区,210302,鞍山市,辽宁省
铁西区,210303,鞍山市,辽宁省
千山区,210311,鞍山市,辽宁省
台安县,210321,鞍山市,辽宁省
海城市,210381,鞍山市,辽宁省
营口市,210800,辽宁省,
西市区,210803,营口市,辽宁省
鲅鱼圈区,210804,营口市,辽宁省
盖州市,210881,营口市,辽宁省
站前区,210802,营口市,辽宁省
老边区,210811,营口市,辽宁省
大石桥市,210882,营口市,辽宁省
山东省,370000,,
东营市,370500,山东省,
利津县,370522,东营市,山东省
东营区,370502,东营市,山东省
河口区,370503,东营市,山东省
垦利区,370505,东营市,山东省
广饶县,370523,东营市,山东省
滨州市,371600,山东省,
沾化区,371603,滨州市,山东省
无棣县,371623,滨州市,山东省
阳信县,371622,滨州市,山东省
博兴县,371625,滨州市,山东省
滨城区,371602,滨州市,山东省
惠民县,371621,滨州市,山东省
邹平市,371681,滨州市,山东省
烟台市,370600,山东省,
蓬莱区,370614,烟台市,山东省
芝罘区,370602,烟台市,山东省
莱州市,370683,烟台市,山东省
海阳市,370687,烟台市,山东省
龙口市,370681,烟台市,山东省
莱阳市,370682,烟台市,山东省
栖霞市,370686,烟台市,山东省
招远市,370685,烟台市,山东省
牟平区,370612,烟台市,山东省
福山区,370611,烟台市,山东省
莱山区,370613,烟台市,山东省
威海市,371000,山东省,
乳山市,371083,威海市,山东省
荣成市,371082,威海市,山东省
环翠区,371002,威海市,山东省
文登区,371003,威海市,山东省
青岛市,370200,山东省,
莱西市,370285,青岛市,山东省
平度市,370283,青岛市,山东省
即墨区,370215,青岛市,山东省
崂山区,370212,青岛市,山东省
城阳区,370214,青岛市,山东省
黄岛区,370211,青岛市,山东省
胶州市,370281,青岛市,山东省
市北区,370203,青岛市,山东省
市南区,370202,青岛市,山东省
李沧区,370213,青岛市,山东省
聊城市,371500,山东省,
冠县,371525,聊城市,山东省
东昌府区,371502,聊城市,山东省
莘县,371522,聊城市,山东省
阳谷县,371521,聊城市,山东省
东阿县,371524,聊城市,山东省
高唐县,371526,聊城市,山东省
茌平区,371503,聊城市,山东省
临清市,371581,聊城市,山东省
淄博市,370300,山东省,
临淄区,370305,淄博市,山东省
博山区,370304,淄博市,山东省
沂源县,370323,淄博市,山东省
高青县,370322,淄博市,山东省
张店区,370303,淄博市,山东省
桓台县,370321,淄博市,山东省
淄川区,370302,淄博市,山东省
周村区,370306,淄博市,山东省
济南市,370100,山东省,
钢城区,370117,济南市,山东省
长清区,370113,济南市,山东省
商河县,370126,济南市,山东省
章丘区,370114,济南市,山东省
莱芜区,370116,济南市,山东省
平阴县,370124,济南市,山东省
济阳区,370115,济南市,山东省
历下区,370102,济南市,山东省
槐荫区,370104,济南市,山东省
历城区,370112,济南市,山东省
天桥区,370105,济南市,山东省
市中区,370103,济南市,山东省
潍坊市,370700,山东省,
寿光市,370783,潍坊市,山东省
昌邑市,370786,潍坊市,山东省
高密市,370785,潍坊市,山东省
寒亭区,370703,潍坊市,山东省
诸城市,370782,潍坊市,山东省
奎文区,370705,潍坊市,山东省
潍城区,370702,潍坊市,山东省
青州市,370781,潍坊市,山东省
临朐县,370724,潍坊市,山东省
昌乐县,370725,潍坊市,山东省
坊子区,370704,潍坊市,山东省
安丘市,370784,潍坊市,山东省
泰安市,370900,山东省,
肥城市,370983,泰安市,山东省
泰山区,370902,泰安市,山东省
宁阳县,370921,泰安市,山东省
东平县,370923,泰安市,山东省
新泰市,370982,泰安市,山东省
岱岳区,370911,泰安市,山东省
济宁市,370800,山东省,
微山县,370826,济宁市,山东省
鱼台县,370827,济宁市,山东省
曲阜市,370881,济宁市,山东省
泗水县,370831,济宁市,山东省
汶上县,370830,济宁市,山东省
金乡县,370828,济宁市,山东省
邹城市,370883,济宁市,山东省
任城区,370811,济宁市,山东省
嘉祥县,370829,济宁市,山东省
兖州区,370812,济宁市,山东省
梁山县,370832,济宁市,山东省
临沂市,371300,山东省,
河东区,371312,临沂市,山东省
兰山区,371302,临沂市,山东省
费县,371325,临沂市,山东省
莒南县,371327,临沂市,山东省
郯城县,371322,临沂市,山东省
蒙阴县,371328,临沂市,山东省
平邑县,371326,临沂市,山东省
沂南县,371321,临沂市,山东省
沂水县,371323,临沂市,山东省
罗庄区,371311,临沂市,山东省
兰陵县,371324,临沂市,山东省
临沭县,371329,临沂市,山东省
菏泽市,371700,山东省,
定陶区,371703,菏泽市,山东省
鄄城县,371726,菏泽市,山东省
东明县,371728,菏泽市,山东省
巨野县,371724,菏泽市,山东省
牡丹区,371702,菏泽市,山东省
郓城县,371725,菏泽市,山东省
成武县,371723,菏泽市,山东省
单县,371722,菏泽市,山东省
曹县,371721,菏泽市,山东省
德州市,371400,山东省,
宁津县,371422,德州市,山东省
乐陵市,371481,德州市,山东省
庆云县,371423,德州市,山东省
德城区,371402,德州市,山东省
平原县,371426,德州市,山东省
武城县,371428,德州市,山东省
齐河县,371425,德州市,山东省
禹城市,371482,德州市,山东省
临邑县,371424,德州市,山东省
陵城区,371403,德州市,山东省
夏津县,371427,德州市,山东省
日照市,371100,山东省,
莒县,371122,日照市,山东省
岚山区,371103,日照市,山东省
东港区,371102,日照市,山东省
五莲县,371121,日照市,山东省
枣庄市,370400,山东省,
薛城区,370403,枣庄市,山东省
台儿庄区,370405,枣庄市,山东省
山亭区,370406,枣庄市,山东省
市中区,370402,枣庄市,山东省
峄城区,370404,枣庄市,山东省
滕州市,370481,枣庄市,山东省
上海市,310000,,
浦东新区,310115,上海市,
金山区,310116,上海市,
崇明区,310151,上海市,
杨浦区,310110,上海市,
虹口区,310109,上海市,
静安区,310106,上海市,
长宁区,310105,上海市,
奉贤区,310120,上海市,
青浦区,310118,上海市,
宝山区,310113,上海市,
普陀区,310107,上海市,
黄浦区,310101,上海市,
徐汇区,310104,上海市,
松江区,310117,上海市,
闵行区,310112,上海市,
嘉定区,310114,上海市,
贵州省,520000,,
遵义市,520300,贵州省,
余庆县,520329,遵义市,贵州省
赤水市,520381,遵义市,贵州省
湄潭县,520328,遵义市,贵州省
汇川区,520303,遵义市,贵州省
务川仡佬族苗族自治县,520326,遵义市,贵州省
仁怀市,520382,遵义市,贵州省
播州区,520304,遵义市,贵州省
绥阳县,520323,遵义市,贵州省
凤冈县,520327,遵义市,贵州省
红花岗区,520302,遵义市,贵州省
正安县,520324,遵义市,贵州省
道真仡佬族苗族自治县,520325,遵义市,贵州省
习水县,520330,遵义市,贵州省
桐梓县,520322,遵义市,贵州省
铜仁市,520600,贵州省,
石阡县,520623,铜仁市,贵州省
松桃苗族自治县,520628,铜仁市,贵州省
玉屏侗族自治县,520622,铜仁市,贵州省
印江土家族苗族自治县,520625,铜仁市,贵州省
江口县,520621,铜仁市,贵州省
万山区,520603,铜仁市,贵州省
碧江区,520602,铜仁市,贵州省
沿河土家族自治县,520627,铜仁市,贵州省
德江县,520626,铜仁市,贵州省
思南县,520624,铜仁市,贵州省
六盘水市,520200,贵州省,
盘州市,520281,六盘水市,贵州省
六枝特区,520203,六盘水市,贵州省
钟山区,520201,六盘水市,贵州省
水城区,520204,六盘水市,贵州省
黔南布依族苗族自治州,522700,贵州省,
罗甸县,522728,黔南布依族苗族自治州,贵州省
长顺县,522729,黔南布依族苗族自治州,贵州省
贵定县,522723,黔南布依族苗族自治州,贵州省
惠水县,522731,黔南布依族苗族自治州,贵州省
龙里县,522730,黔南布依族苗族自治州,贵州省
瓮安县,522725,黔南布依族苗族自治州,贵州省
福泉市,522702,黔南布依族苗族自治州,贵州省
都匀市,522701,黔南布依族苗族自治州,贵州省
平塘县,522727,黔南布依族苗族自治州,贵州省
三都水族自治县,522732,黔南布依族苗族自治州,贵州省
独山县,522726,黔南布依族苗族自治州,贵州省
荔波县,522722,黔南布依族苗族自治州,贵州省
安顺市,520400,贵州省,
西秀区,520402,安顺市,贵州省
紫云苗族布依族自治县,520425,安顺市,贵州省
普定县,520422,安顺市,贵州省
镇宁布依族苗族自治县,520423,安顺市,贵州省
关岭布依族苗族自治县,520424,安顺市,贵州省
平坝区,520403,安顺市,贵州省
黔西南布依族苗族自治州,522300,贵州省,
望谟县,522326,黔西南布依族苗族自治州,贵州省
安龙县,522328,黔西南布依族苗族自治州,贵州省
兴义市,522301,黔西南布依族苗族自治州,贵州省
晴隆县,522324,黔西南布依族苗族自治州,贵州省
册亨县,522327,黔西南布依族苗族自治州,贵州省
贞丰县,522325,黔西南布依族苗族自治州,贵州省
兴仁市,522302,黔西南布依族苗族自治州,贵州省
普安县,522323,黔西南布依族苗族自治州,贵州省
黔东南苗族侗族自治州,522600,贵州省,
天柱县,522627,黔东南苗族侗族自治州,贵州省
施秉县,522623,黔东南苗族侗族自治州,贵州省
丹寨县,522636,黔东南苗族侗族自治州,贵州省
麻江县,522635,黔东南苗族侗族自治州,贵州省
凯里市,522601,黔东南苗族侗族自治州,贵州省
台江县,522630,黔东南苗族侗族自治州,贵州省
黄平县,522622,黔东南苗族侗族自治州,贵州省
镇远县,522625,黔东南苗族侗族自治州,贵州省
岑巩县,522626,黔东南苗族侗族自治州,贵州省
黎平县,522631,黔东南苗族侗族自治州,贵州省
三穗县,522624,黔东南苗族侗族自治州,贵州省
锦屏县,522628,黔东南苗族侗族自治州,贵州省
从江县,522633,黔东南苗族侗族自治州,贵州省
榕江县,522632,黔东南苗族侗族自治州,贵州省
剑河县,522629,黔东南苗族侗族自治州,贵州省
雷山县,522634,黔东南苗族侗族自治州,贵州省
毕节市,520500,贵州省,
金沙县,520523,毕节市,贵州省
黔西市,520581,毕节市,贵州省
织金县,520524,毕节市,贵州省
大方县,520521,毕节市,贵州省
纳雍县,520525,毕节市,贵州省
七星关区,520502,毕节市,贵州省
赫章县,520527,毕节市,贵州省
威宁彝族回族苗族自治县,520526,毕节市,贵州省
贵阳市,520100,贵州省,
开阳县,520121,贵阳市,贵州省
白云区,520113,贵阳市,贵州省
修文县,520123,贵阳市,贵州省
息烽县,520122,贵阳市,贵州省
观山湖区,520115,贵阳市,贵州省
乌当区,520112,贵阳市,贵州省
花溪区,520111,贵阳市,贵州省
清镇市,520181,贵阳市,贵州省
云岩区,520103,贵阳市,贵州省
南明区,520102,贵阳市,贵州省
重庆市,500000,,
巫溪县,500238,重庆市,
奉节县,500236,重庆市,
石柱土家族自治县,500240,重庆市,
巫山县,500237,重庆市,
丰都县,500230,重庆市,
城口县,500229,重庆市,
垫江县,500231,重庆市,
云阳县,500235,重庆市,
忠县,500233,重庆市,
秀山土家族苗族自治县,500241,重庆市,
彭水苗族土家族自治县,500243,重庆市,
酉阳土家族苗族自治县,500242,重庆市,
合川区,500117,重庆市,
潼南区,500152,重庆市,
长寿区,500115,重庆市,
铜梁区,500151,重庆市,
大渡口区,500104,重庆市,
大足区,500111,重庆市,
九龙坡区,500107,重庆市,
南岸区,500108,重庆市,
武隆区,500156,重庆市,
綦江区,500110,重庆市,
涪陵区,500102,重庆市,
南川区,500119,重庆市,
永川区,500118,重庆市,
荣昌区,500153,重庆市,
江津区,500116,重庆市,
巴南区,500113,重庆市,
璧山区,500120,重庆市,
万州区,500101,重庆市,
开州区,500154,重庆市,
渝中区,500103,重庆市,
梁平区,500155,重庆市,
沙坪坝区,500106,重庆市,
黔江区,500114,重庆市,
两江新区,500157,重庆市,
北碚区,500109,重庆市,
安徽省,340000,,
铜陵市,340700,安徽省,
郊区,340711,铜陵市,安徽省
铜官区,340705,铜陵市,安徽省
枞阳县,340722,铜陵市,安徽省
义安区,340706,铜陵市,安徽省
池州市,341700,安徽省,
贵池区,341702,池州市,安徽省
石台县,341722,池州市,安徽省
青阳县,341723,池州市,安徽省
东至县,341721,池州市,安徽省
安庆市,340800,安徽省,
岳西县,340828,安庆市,安徽省
桐城市,340881,安庆市,安徽省
大观区,340803,安庆市,安徽省
太湖县,340825,安庆市,安徽省
宿松县,340826,安庆市,安徽省
宜秀区,340811,安庆市,安徽省
迎江区,340802,安庆市,安徽省
潜山市,340882,安庆市,安徽省
怀宁县,340822,安庆市,安徽省
望江县,340827,安庆市,安徽省
淮北市,340600,安徽省,
杜集区,340602,淮北市,安徽省
相山区,340603,淮北市,安徽省
烈山区,340604,淮北市,安徽省
濉溪县,340621,淮北市,安徽省
马鞍山市,340500,安徽省,
博望区,340506,马鞍山市,安徽省
和县,340523,马鞍山市,安徽省
含山县,340522,马鞍山市,安徽省
雨山区,340504,马鞍山市,安徽省
花山区,340503,马鞍山市,安徽省
当涂县,340521,马鞍山市,安徽省
六安市,341500,安徽省,
金寨县,341524,六安市,安徽省
霍邱县,341522,六安市,安徽省
叶集区,341504,六安市,安徽省
霍山县,341525,六安市,安徽省
舒城县,341523,六安市,安徽省
金安区,341502,六安市,安徽省
裕安区,341503,六安市,安徽省
阜阳市,341200,安徽省,
颍州区,341202,阜阳市,安徽省
临泉县,341221,阜阳市,安徽省
界首市,341282,阜阳市,安徽省
颍东区,341203,阜阳市,安徽省
颍泉区,341204,阜阳市,安徽省
太和县,341222,阜阳市,安徽省
颍上县,341226,阜阳市,安徽省
阜南县,341225,阜阳市,安徽省
淮南市,340400,安徽省,
潘集区,340406,淮南市,安徽省
田家庵区,340403,淮南市,安徽省
大通区,340402,淮南市,安徽省
寿县,340422,淮南市,安徽省
凤台县,340421,淮南市,安徽省
谢家集区,340404,淮南市,安徽省
八公山区,340405,淮南市,安徽省
宿州市,341300,安徽省,
泗县,341324,宿州市,安徽省
埇桥区,341302,宿州市,安徽省
灵璧县,341323,宿州市,安徽省
萧县,341322,宿州市,安徽省
砀山县,341321,宿州市,安徽省
滁州市,341100,安徽省,
凤阳县,341126,滁州市,安徽省
明光市,341182,滁州市,安徽省
全椒县,341124,滁州市,安徽省
天长市,341181,滁州市,安徽省
琅琊区,341102,滁州市,安徽省
南谯区,341103,滁州市,安徽省
定远县,341125,滁州市,安徽省
来安县,341122,滁州市,安徽省
黄山市,341000,安徽省,
黄山区,341003,黄山市,安徽省
休宁县,341022,黄山市,安徽省
祁门县,341024,黄山市,安徽省
黟县,341023,黄山市,安徽省
徽州区,341004,黄山市,安徽省
屯溪区,341002,黄山市,安徽省
歙县,341021,黄山市,安徽省
蚌埠市,340300,安徽省,
淮上区,340311,蚌埠市,安徽省
禹会区,340304,蚌埠市,安徽省
蚌山区,340303,蚌埠市,安徽省
龙子湖区,340302,蚌埠市,安徽省
固镇县,340323,蚌埠市,安徽省
五河县,340322,蚌埠市,安徽省
怀远县,340321,蚌埠市,安徽省
芜湖市,340200,安徽省,
弋江区,340209,芜湖市,安徽省
繁昌区,340212,芜湖市,安徽省
镜湖区,340202,芜湖市,安徽省
鸠江区,340207,芜湖市,安徽省
湾沚区,340210,芜湖市,安徽省
南陵县,340223,芜湖市,安徽省
无为市,340281,芜湖市,安徽省
宣城市,341800,安徽省,
旌德县,341825,宣城市,安徽省
宁国市,341881,宣城市,安徽省
宣州区,341802,宣城市,安徽省
郎溪县,341821,宣城市,安徽省
广德市,341882,宣城市,安徽省
绩溪县,341824,宣城市,安徽省
泾县,341823,宣城市,安徽省
亳州市,341600,安徽省,
谯城区,341602,亳州市,安徽省
利辛县,341623,亳州市,安徽省
蒙城县,341622,亳州市,安徽省
涡阳县,341621,亳州市,安徽省
合肥市,340100,安徽省,
庐阳区,340103,合肥市,安徽省
包河区,340111,合肥市,安徽省
庐江县,340124,合肥市,安徽省
长丰县,340121,合肥市,安徽省
瑶海区,340102,合肥市,安徽省
肥东县,340122,合肥市,安徽省
蜀山区,340104,合肥市,安徽省
巢湖市,340181,合肥市,安徽省
肥西县,340123,合肥市,安徽省
福建省,350000,,
宁德市,350900,福建省,
福鼎市,350982,宁德市,福建省
蕉城区,350902,宁德市,福建省
霞浦县,350921,宁德市,福建省
古田县,350922,宁德市,福建省
福安市,350981,宁德市,福建省
寿宁县,350924,宁德市,福建省
柘荣县,350926,宁德市,福建省
周宁县,350925,宁德市,福建省
屏南县,350923,宁德市,福建省
福州市,350100,福建省,
罗源县,350123,福州市,福建省
闽清县,350124,福州市,福建省
连江县,350122,福州市,福建省
福清市,350181,福州市,福建省
长乐区,350112,福州市,福建省
平潭县,350128,福州市,福建省
台江区,350103,福州市,福建省
永泰县,350125,福州市,福建省
鼓楼区,350102,福州市,福建省
晋安区,350111,福州市,福建省
马尾区,350105,福州市,福建省
闽侯县,350121,福州市,福建省
仓山区,350104,福州市,福建省
莆田市,350300,福建省,
秀屿区,350305,莆田市,福建省
荔城区,350304,莆田市,福建省
仙游县,350322,莆田市,福建省
城厢区,350302,莆田市,福建省
涵江区,350303,莆田市,福建省
厦门市,350200,福建省,
湖里区,350206,厦门市,福建省
思明区,350203,厦门市,福建省
翔安区,350213,厦门市,福建省
同安区,350212,厦门市,福建省
集美区,350211,厦门市,福建省
海沧区,350205,厦门市,福建省
泉州市,350500,福建省,
惠安县,350521,泉州市,福建省
洛江区,350504,泉州市,福建省
晋江市,350582,泉州市,福建省
南安市,350583,泉州市,福建省
金门县,350527,泉州市,福建省
石狮市,350581,泉州市,福建省
泉港区,350505,泉州市,福建省
德化县,350526,泉州市,福建省
丰泽区,350503,泉州市,福建省
鲤城区,350502,泉州市,福建省
永春县,350525,泉州市,福建省
安溪县,350524,泉州市,福建省
漳州市,350600,福建省,
龙海区,350604,漳州市,福建省
漳浦县,350623,漳州市,福建省
东山县,350626,漳州市,福建省
长泰区,350605,漳州市,福建省
平和县,350628,漳州市,福建省
龙文区,350603,漳州市,福建省
华安县,350629,漳州市,福建省
南靖县,350627,漳州市,福建省
芗城区,350602,漳州市,福建省
诏安县,350624,漳州市,福建省
云霄县,350622,漳州市,福建省
龙岩市,350800,福建省,
永定区,350803,龙岩市,福建省
新罗区,350802,龙岩市,福建省
漳平市,350881,龙岩市,福建省
连城县,350825,龙岩市,福建省
长汀县,350821,龙岩市,福建省
武平县,350824,龙岩市,福建省
上杭县,350823,龙岩市,福建省
三明市,350400,福建省,
尤溪县,350426,三明市,福建省
大田县,350425,三明市,福建省
明溪县,350421,三明市,福建省
清流县,350423,三明市,福建省
永安市,350481,三明市,福建省
将乐县,350428,三明市,福建省
建宁县,350430,三明市,福建省
泰宁县,350429,三明市,福建省
宁化县,350424,三明市,福建省
沙县区,350405,三明市,福建省
三元区,350404,三明市,福建省
南平市,350700,福建省,
浦城县,350722,南平市,福建省
光泽县,350723,南平市,福建省
建阳区,350703,南平市,福建省
松溪县,350724,南平市,福建省
政和县,350725,南平市,福建省
延平区,350702,南平市,福建省
建瓯市,350783,南平市,福建省
顺昌县,350721,南平市,福建省
邵武市,350781,南平市,福建省
武夷山市,350782,南平市,福建省
湖南省,430000,,
岳阳市,430600,湖南省,
华容县,430623,岳阳市,湖南省
云溪区,430603,岳阳市,湖南省
临湘市,430682,岳阳市,湖南省
君山区,430611,岳阳市,湖南省
湘阴县,430624,岳阳市,湖南省
平江县,430626,岳阳市,湖南省
岳阳县,430621,岳阳市,湖南省
岳阳楼区,430602,岳阳市,湖南省
汨罗市,430681,岳阳市,湖南省
怀化市,431200,湖南省,
通道侗族自治县,431230,怀化市,湖南省
溆浦县,431224,怀化市,湖南省
辰溪县,431223,怀化市,湖南省
会同县,431225,怀化市,湖南省
洪江市,431281,怀化市,湖南省
新晃侗族自治县,431227,怀化市,湖南省
靖州苗族侗族自治县,431229,怀化市,湖南省
鹤城区,431202,怀化市,湖南省
中方县,431221,怀化市,湖南省
芷江侗族自治县,431228,怀化市,湖南省
麻阳苗族自治县,431226,怀化市,湖南省
沅陵县,431222,怀化市,湖南省
湘西土家族苗族自治州,433100,湖南省,
保靖县,433125,湘西土家族苗族自治州,湖南省
永顺县,433127,湘西土家族苗族自治州,湖南省
古丈县,433126,湘西土家族苗族自治州,湖南省
泸溪县,433122,湘西土家族苗族自治州,湖南省
龙山县,433130,湘西土家族苗族自治州,湖南省
吉首市,433101,湘西土家族苗族自治州,湖南省
凤凰县,433123,湘西土家族苗族自治州,湖南省
花垣县,433124,湘西土家族苗族自治州,湖南省
张家界市,430800,湖南省,
永定区,430802,张家界市,湖南省
桑植县,430822,张家界市,湖南省
武陵源区,430811,张家界市,湖南省
慈利县,430821,张家界市,湖南省
株洲市,430200,湖南省,
荷塘区,430202,株洲市,湖南省
攸县,430223,株洲市,湖南省
天元区,430211,株洲市,湖南省
石峰区,430204,株洲市,湖南省
茶陵县,430224,株洲市,湖南省
炎陵县,430225,株洲市,湖南省
醴陵市,430281,株洲市,湖南省
芦淞区,430203,株洲市,湖南省
渌口区,430212,株洲市,湖南省
娄底市,431300,湖南省,
冷水江市,431381,娄底市,湖南省
新化县,431322,娄底市,湖南省
娄星区,431302,娄底市,湖南省
双峰县,431321,娄底市,湖南省
涟源市,431382,娄底市,湖南省
郴州市,431000,湖南省,
苏仙区,431003,郴州市,湖南省
汝城县,431026,郴州市,湖南省
宜章县,431022,郴州市,湖南省
安仁县,431028,郴州市,湖南省
资兴市,431081,郴州市,湖南省
桂东县,431027,郴州市,湖南省
北湖区,431002,郴州市,湖南省
桂阳县,431021,郴州市,湖南省
临武县,431025,郴州市,湖南省
嘉禾县,431024,郴州市,湖南省
永兴县,431023,郴州市,湖南省
永州市,431100,湖南省,
冷水滩区,431103,永州市,湖南省
零陵区,431102,永州市,湖南省
宁远县,431126,永州市,湖南省
新田县,431128,永州市,湖南省
双牌县,431123,永州市,湖南省
道县,431124,永州市,湖南省
祁阳市,431181,永州市,湖南省
蓝山县,431127,永州市,湖南省
江永县,431125,永州市,湖南省
东安县,431122,永州市,湖南省
江华瑶族自治县,431129,永州市,湖南省
衡阳市,430400,湖南省,
南岳区,430412,衡阳市,湖南省
石鼓区,430407,衡阳市,湖南省
衡阳县,430421,衡阳市,湖南省
珠晖区,430405,衡阳市,湖南省
常宁市,430482,衡阳市,湖南省
衡东县,430424,衡阳市,湖南省
衡南县,430422,衡阳市,湖南省
蒸湘区,430408,衡阳市,湖南省
雁峰区,430406,衡阳市,湖南省
耒阳市,430481,衡阳市,湖南省
祁东县,430426,衡阳市,湖南省
衡山县,430423,衡阳市,湖南省
常德市,430700,湖南省,
津市市,430781,常德市,湖南省
澧县,430723,常德市,湖南省
临澧县,430724,常德市,湖南省
石门县,430726,常德市,湖南省
鼎城区,430703,常德市,湖南省
武陵区,430702,常德市,湖南省
汉寿县,430722,常德市,湖南省
桃源县,430725,常德市,湖南省
安乡县,430721,常德市,湖南省
邵阳市,430500,湖南省,
绥宁县,430527,邵阳市,湖南省
大祥区,430503,邵阳市,湖南省
双清区,430502,邵阳市,湖南省
北塔区,430511,邵阳市,湖南省
城步苗族自治县,430529,邵阳市,湖南省
隆回县,430524,邵阳市,湖南省
洞口县,430525,邵阳市,湖南省
新邵县,430522,邵阳市,湖南省
邵东市,430582,邵阳市,湖南省
新宁县,430528,邵阳市,湖南省
邵阳县,430523,邵阳市,湖南省
武冈市,430581,邵阳市,湖南省
湘潭市,430300,湖南省,
岳塘区,430304,湘潭市,湖南省
雨湖区,430302,湘潭市,湖南省
韶山市,430382,湘潭市,湖南省
湘潭县,430321,湘潭市,湖南省
湘乡市,430381,湘潭市,湖南省
长沙市,430100,湖南省,
岳麓区,430104,长沙市,湖南省
浏阳市,430181,长沙市,湖南省
宁乡市,430182,长沙市,湖南省
芙蓉区,430102,长沙市,湖南省
开福区,430105,长沙市,湖南省
雨花区,430111,长沙市,湖南省
天心区,430103,长沙市,湖南省
望城区,430112,长沙市,湖南省
长沙县,430121,长沙市,湖南省
益阳市,430900,湖南省,
沅江市,430981,益阳市,湖南省
赫山区,430903,益阳市,湖南省
安化县,430923,益阳市,湖南省
桃江县,430922,益阳市,湖南省
资阳区,430902,益阳市,湖南省
南县,430921,益阳市,湖南省
海南省,460000,,
屯昌县,469022,海南省,
白沙黎族自治县,469025,海南省,
琼中黎族苗族自治县,469030,海南省,
东方市,469007,海南省,
乐东黎族自治县,469027,海南省,
陵水黎族自治县,469028,海南省,
三沙市,460300,海南省,
西沙区,460302,三沙市,海南省
南沙区,460303,三沙市,海南省
文昌市,469005,海南省,
临高县,469024,海南省,
三亚市,460200,海南省,
海棠区,460202,三亚市,海南省
崖州区,460205,三亚市,海南省
天涯区,460204,三亚市,海南省
吉阳区,460203,三亚市,海南省
保亭黎族苗族自治县,469029,海南省,
五指山市,469001,海南省,
昌江黎族自治县,469026,海南省,
定安县,469021,海南省,
澄迈县,469023,海南省,
海口市,460100,海南省,
美兰区,460108,海口市,海南省
琼山区,460107,海口市,海南省
秀英区,460105,海口市,海南省
龙华区,460106,海口市,海南省
儋州市,460400,海南省,
琼海市,469002,海南省,
万宁市,469006,海南省,
江苏省,320000,,
连云港市,320700,江苏省,
赣榆区,320707,连云港市,江苏省
连云区,320703,连云港市,江苏省
东海县,320722,连云港市,江苏省
灌南县,320724,连云港市,江苏省
海州区,320706,连云港市,江苏省
灌云县,320723,连云港市,江苏省
南通市,320600,江苏省,
如东县,320623,南通市,江苏省
启东市,320681,南通市,江苏省
海门区,320614,南通市,江苏省
崇川区,320613,南通市,江苏省
通州区,320612,南通市,江苏省
如皋市,320682,南通市,江苏省
海安市,320685,南通市,江苏省
南京市,320100,江苏省,
江宁区,320115,南京市,江苏省
雨花台区,320114,南京市,江苏省
高淳区,320118,南京市,江苏省
溧水区,320117,南京市,江苏省
鼓楼区,320106,南京市,江苏省
浦口区,320111,南京市,江苏省
建邺区,320105,南京市,江苏省
玄武区,320102,南京市,江苏省
秦淮区,320104,南京市,江苏省
六合区,320116,南京市,江苏省
栖霞区,320113,南京市,江苏省
苏州市,320500,江苏省,
虎丘区,320505,苏州市,江苏省
姑苏区,320508,苏州市,江苏省
常熟市,320581,苏州市,江苏省
昆山市,320583,苏州市,江苏省
吴江区,320509,苏州市,江苏省
张家港市,320582,苏州市,江苏省
相城区,320507,苏州市,江苏省
太仓市,320585,苏州市,江苏省
吴中区,320506,苏州市,江苏省
宿迁市,321300,江苏省,
宿豫区,321311,宿迁市,江苏省
泗阳县,321323,宿迁市,江苏省
宿城区,321302,宿迁市,江苏省
沭阳县,321322,宿迁市,江苏省
泗洪县,321324,宿迁市,江苏省
扬州市,321000,江苏省,
邗江区,321003,扬州市,江苏省
高邮市,321084,扬州市,江苏省
仪征市,321081,扬州市,江苏省
广陵区,321002,扬州市,江苏省
宝应县,321023,扬州市,江苏省
江都区,321012,扬州市,江苏省
镇江市,321100,江苏省,
丹徒区,321112,镇江市,江苏省
京口区,321102,镇江市,江苏省
丹阳市,321181,镇江市,江苏省
润州区,321111,镇江市,江苏省
扬中市,321182,镇江市,江苏省
句容市,321183,镇江市,江苏省
淮安市,320800,江苏省,
盱眙县,320830,淮安市,江苏省
金湖县,320831,淮安市,江苏省
淮阴区,320804,淮安市,江苏省
洪泽区,320813,淮安市,江苏省
涟水县,320826,淮安市,江苏省
清江浦区,320812,淮安市,江苏省
淮安区,320803,淮安市,江苏省
徐州市,320300,江苏省,
铜山区,320312,徐州市,江苏省
泉山区,320311,徐州市,江苏省
沛县,320322,徐州市,江苏省
鼓楼区,320302,徐州市,江苏省
云龙区,320303,徐州市,江苏省
贾汪区,320305,徐州市,江苏省
新沂市,320381,徐州市,江苏省
睢宁县,320324,徐州市,江苏省
丰县,320321,徐州市,江苏省
邳州市,320382,徐州市,江苏省
常州市,320400,江苏省,
金坛区,320413,常州市,江苏省
新北区,320411,常州市,江苏省
钟楼区,320404,常州市,江苏省
溧阳市,320481,常州市,江苏省
武进区,320412,常州市,江苏省
天宁区,320402,常州市,江苏省
盐城市,320900,江苏省,
射阳县,320924,盐城市,江苏省
滨海县,320922,盐城市,江苏省
响水县,320921,盐城市,江苏省
盐都区,320903,盐城市,江苏省
大丰区,320904,盐城市,江苏省
亭湖区,320902,盐城市,江苏省
建湖县,320925,盐城市,江苏省
阜宁县,320923,盐城市,江苏省
东台市,320981,盐城市,江苏省
泰州市,321200,江苏省,
兴化市,321281,泰州市,江苏省
泰兴市,321283,泰州市,江苏省
高港区,321203,泰州市,江苏省
海陵区,321202,泰州市,江苏省
姜堰区,321204,泰州市,江苏省
靖江市,321282,泰州市,江苏省
无锡市,320200,江苏省,
宜兴市,320282,无锡市,江苏省
梁溪区,320213,无锡市,江苏省
新吴区,320214,无锡市,江苏省
锡山区,320205,无锡市,江苏省
江阴市,320281,无锡市,江苏省
惠山区,320206,无锡市,江苏省
滨湖区,320211,无锡市,江苏省
青海省,630000,,
海东市,630200,青海省,
民和回族土族自治县,630222,海东市,青海省
乐都区,630202,海东市,青海省
循化撒拉族自治县,630225,海东市,青海省
化隆回族自治县,630224,海东市,青海省
平安区,630203,海东市,青海省
互助土族自治县,630223,海东市,青海省
海南藏族自治州,632500,青海省,
贵德县,632523,海南藏族自治州,青海省
贵南县,632525,海南藏族自治州,青海省
同德县,632522,海南藏族自治州,青海省
兴海县,632524,海南藏族自治州,青海省
共和县,632521,海南藏族自治州,青海省
海西蒙古族藏族自治州,632800,青海省,
天峻县,632823,海西蒙古族藏族自治州,青海省
德令哈市,632802,海西蒙古族藏族自治州,青海省
格尔木市,632801,海西蒙古族藏族自治州,青海省
都兰县,632822,海西蒙古族藏族自治州,青海省
乌兰县,632821,海西蒙古族藏族自治州,青海省
海西蒙古族藏族自治州直辖,632825,海西蒙古族藏族自治州,青海省
茫崖市,632803,海西蒙古族藏族自治州,青海省
玉树藏族自治州,632700,青海省,
治多县,632724,玉树藏族自治州,青海省
曲麻莱县,632726,玉树藏族自治州,青海省
称多县,632723,玉树藏族自治州,青海省
杂多县,632722,玉树藏族自治州,青海省
玉树市,632701,玉树藏族自治州,青海省
囊谦县,632725,玉树藏族自治州,青海省
黄南藏族自治州,632300,青海省,
同仁市,632301,黄南藏族自治州,青海省
泽库县,632323,黄南藏族自治州,青海省
尖扎县,632322,黄南藏族自治州,青海省
河南蒙古族自治县,632324,黄南藏族自治州,青海省
果洛藏族自治州,632600,青海省,
玛沁县,632621,果洛藏族自治州,青海省
甘德县,632623,果洛藏族自治州,青海省
达日县,632624,果洛藏族自治州,青海省
久治县,632625,果洛藏族自治州,青海省
班玛县,632622,果洛藏族自治州,青海省
玛多县,632626,果洛藏族自治州,青海省
海北藏族自治州,632200,青海省,
海晏县,632223,海北藏族自治州,青海省
门源回族自治县,632221,海北藏族自治州,青海省
刚察县,632224,海北藏族自治州,青海省
祁连县,632222,海北藏族自治州,青海省
西宁市,630100,青海省,
湟源县,630123,西宁市,青海省
大通回族土族自治县,630121,西宁市,青海省
城西区,630104,西宁市,青海省
城北区,630105,西宁市,青海省
湟中区,630106,西宁市,青海省
城中区,630103,西宁市,青海省
城东区,630102,西宁市,青海省
广西壮族自治区,450000,,
百色市,451000,广西壮族自治区,
乐业县,451028,百色市,广西壮族自治区
隆林各族自治县,451031,百色市,广西壮族自治区
西林县,451030,百色市,广西壮族自治区
右江区,451002,百色市,广西壮族自治区
平果市,451082,百色市,广西壮族自治区
德保县,451024,百色市,广西壮族自治区
那坡县,451026,百色市,广西壮族自治区
田阳区,451003,百色市,广西壮族自治区
田东县,451022,百色市,广西壮族自治区
靖西市,451081,百色市,广西壮族自治区
凌云县,451027,百色市,广西壮族自治区
田林县,451029,百色市,广西壮族自治区
北海市,450500,广西壮族自治区,
铁山港区,450512,北海市,广西壮族自治区
海城区,450502,北海市,广西壮族自治区
合浦县,450521,北海市,广西壮族自治区
银海区,450503,北海市,广西壮族自治区
钦州市,450700,广西壮族自治区,
钦南区,450702,钦州市,广西壮族自治区
钦北区,450703,钦州市,广西壮族自治区
浦北县,450722,钦州市,广西壮族自治区
灵山县,450721,钦州市,广西壮族自治区
防城港市,450600,广西壮族自治区,
上思县,450621,防城港市,广西壮族自治区
港口区,450602,防城港市,广西壮族自治区
防城区,450603,防城港市,广西壮族自治区
东兴市,450681,防城港市,广西壮族自治区
河池市,451200,广西壮族自治区,
凤山县,451223,河池市,广西壮族自治区
东兰县,451224,河池市,广西壮族自治区
大化瑶族自治县,451229,河池市,广西壮族自治区
都安瑶族自治县,451228,河池市,广西壮族自治区
环江毛南族自治县,451226,河池市,广西壮族自治区
金城江区,451202,河池市,广西壮族自治区
巴马瑶族自治县,451227,河池市,广西壮族自治区
罗城仫佬族自治县,451225,河池市,广西壮族自治区
宜州区,451203,河池市,广西壮族自治区
天峨县,451222,河池市,广西壮族自治区
南丹县,451221,河池市,广西壮族自治区
柳州市,450200,广西壮族自治区,
融水苗族自治县,450225,柳州市,广西壮族自治区
融安县,450224,柳州市,广西壮族自治区
柳城县,450222,柳州市,广西壮族自治区
城中区,450202,柳州市,广西壮族自治区
柳北区,450205,柳州市,广西壮族自治区
柳南区,450204,柳州市,广西壮族自治区
鹿寨县,450223,柳州市,广西壮族自治区
鱼峰区,450203,柳州市,广西壮族自治区
柳江区,450206,柳州市,广西壮族自治区
三江侗族自治县,450226,柳州市,广西壮族自治区
来宾市,451300,广西壮族自治区,
金秀瑶族自治县,451324,来宾市,广西壮族自治区
象州县,451322,来宾市,广西壮族自治区
合山市,451381,来宾市,广西壮族自治区
兴宾区,451302,来宾市,广西壮族自治区
武宣县,451323,来宾市,广西壮族自治区
忻城县,451321,来宾市,广西壮族自治区
梧州市,450400,广西壮族自治区,
蒙山县,450423,梧州市,广西壮族自治区
岑溪市,450481,梧州市,广西壮族自治区
龙圩区,450406,梧州市,广西壮族自治区
长洲区,450405,梧州市,广西壮族自治区
苍梧县,450421,梧州市,广西壮族自治区
万秀区,450403,梧州市,广西壮族自治区
藤县,450422,梧州市,广西壮族自治区
贵港市,450800,广西壮族自治区,
港南区,450803,贵港市,广西壮族自治区
港北区,450802,贵港市,广西壮族自治区
桂平市,450881,贵港市,广西壮族自治区
覃塘区,450804,贵港市,广西壮族自治区
平南县,450821,贵港市,广西壮族自治区
玉林市,450900,广西壮族自治区,
福绵区,450903,玉林市,广西壮族自治区
兴业县,450924,玉林市,广西壮族自治区
容县,450921,玉林市,广西壮族自治区
陆川县,450922,玉林市,广西壮族自治区
博白县,450923,玉林市,广西壮族自治区
玉州区,450902,玉林市,广西壮族自治区
北流市,450981,玉林市,广西壮族自治区
崇左市,451400,广西壮族自治区,
扶绥县,451421,崇左市,广西壮族自治区
江州区,451402,崇左市,广西壮族自治区
龙州县,451423,崇左市,广西壮族自治区
凭祥市,451481,崇左市,广西壮族自治区
宁明县,451422,崇左市,广西壮族自治区
天等县,451425,崇左市,广西壮族自治区
大新县,451424,崇左市,广西壮族自治区
桂林市,450300,广西壮族自治区,
灌阳县,450327,桂林市,广西壮族自治区
平乐县,450330,桂林市,广西壮族自治区
全州县,450324,桂林市,广西壮族自治区
永福县,450326,桂林市,广西壮族自治区
阳朔县,450321,桂林市,广西壮族自治区
荔浦市,450381,桂林市,广西壮族自治区
临桂区,450312,桂林市,广西壮族自治区
象山区,450304,桂林市,广西壮族自治区
兴安县,450325,桂林市,广西壮族自治区
资源县,450329,桂林市,广西壮族自治区
龙胜各族自治县,450328,桂林市,广西壮族自治区
七星区,450305,桂林市,广西壮族自治区
雁山区,450311,桂林市,广西壮族自治区
叠彩区,450303,桂林市,广西壮族自治区
灵川县,450323,桂林市,广西壮族自治区
秀峰区,450302,桂林市,广西壮族自治区
恭城瑶族自治县,450332,桂林市,广西壮族自治区
贺州市,451100,广西壮族自治区,
昭平县,451121,贺州市,广西壮族自治区
平桂区,451103,贺州市,广西壮族自治区
八步区,451102,贺州市,广西壮族自治区
富川瑶族自治县,451123,贺州市,广西壮族自治区
钟山县,451122,贺州市,广西壮族自治区
南宁市,450100,广西壮族自治区,
马山县,450124,南宁市,广西壮族自治区
上林县,450125,南宁市,广西壮族自治区
武鸣区,450110,南宁市,广西壮族自治区
隆安县,450123,南宁市,广西壮族自治区
西乡塘区,450107,南宁市,广西壮族自治区
宾阳县,450126,南宁市,广西壮族自治区
江南区,450105,南宁市,广西壮族自治区
良庆区,450108,南宁市,广西壮族自治区
邕宁区,450109,南宁市,广西壮族自治区
青秀区,450103,南宁市,广西壮族自治区
兴宁区,450102,南宁市,广西壮族自治区
横州市,450181,南宁市,广西壮族自治区
宁夏回族自治区,640000,,
石嘴山市,640200,宁夏回族自治区,
惠农区,640205,石嘴山市,宁夏回族自治区
大武口区,640202,石嘴山市,宁夏回族自治区
平罗县,640221,石嘴山市,宁夏回族自治区
固原市,640400,宁夏回族自治区,
西吉县,640422,固原市,宁夏回族自治区
隆德县,640423,固原市,宁夏回族自治区
彭阳县,640425,固原市,宁夏回族自治区
泾源县,640424,固原市,宁夏回族自治区
原州区,640402,固原市,宁夏回族自治区
中卫市,640500,宁夏回族自治区,
海原县,640522,中卫市,宁夏回族自治区
沙坡头区,640502,中卫市,宁夏回族自治区
中宁县,640521,中卫市,宁夏回族自治区
吴忠市,640300,宁夏回族自治区,
盐池县,640323,吴忠市,宁夏回族自治区
利通区,640302,吴忠市,宁夏回族自治区
红寺堡区,640303,吴忠市,宁夏回族自治区
同心县,640324,吴忠市,宁夏回族自治区
青铜峡市,640381,吴忠市,宁夏回族自治区
银川市,640100,宁夏回族自治区,
灵武市,640181,银川市,宁夏回族自治区
金凤区,640106,银川市,宁夏回族自治区
兴庆区,640104,银川市,宁夏回族自治区
永宁县,640121,银川市,宁夏回族自治区
西夏区,640105,银川市,宁夏回族自治区
贺兰县,640122,银川市,宁夏回族自治区
浙江省,330000,,
舟山市,330900,浙江省,
岱山县,330921,舟山市,浙江省
嵊泗县,330922,舟山市,浙江省
定海区,330902,舟山市,浙江省
普陀区,330903,舟山市,浙江省
嘉兴市,330400,浙江省,
平湖市,330482,嘉兴市,浙江省
南湖区,330402,嘉兴市,浙江省
桐乡市,330483,嘉兴市,浙江省
海宁市,330481,嘉兴市,浙江省
海盐县,330424,嘉兴市,浙江省
秀洲区,330411,嘉兴市,浙江省
嘉善县,330421,嘉兴市,浙江省
宁波市,330200,浙江省,
北仑区,330206,宁波市,浙江省
象山县,330225,宁波市,浙江省
镇海区,330211,宁波市,浙江省
海曙区,330203,宁波市,浙江省
奉化区,330213,宁波市,浙江省
鄞州区,330212,宁波市,浙江省
宁海县,330226,宁波市,浙江省
江北区,330205,宁波市,浙江省
余姚市,330281,宁波市,浙江省
慈溪市,330282,宁波市,浙江省
台州市,331000,浙江省,
临海市,331082,台州市,浙江省
路桥区,331004,台州市,浙江省
椒江区,331002,台州市,浙江省
温岭市,331081,台州市,浙江省
玉环市,331083,台州市,浙江省
三门县,331022,台州市,浙江省
仙居县,331024,台州市,浙江省
天台县,331023,台州市,浙江省
黄岩区,331003,台州市,浙江省
温州市,330300,浙江省,
洞头区,330305,温州市,浙江省
苍南县,330327,温州市,浙江省
平阳县,330326,温州市,浙江省
瑞安市,330381,温州市,浙江省
龙港市,330383,温州市,浙江省
泰顺县,330329,温州市,浙江省
乐清市,330382,温州市,浙江省
永嘉县,330324,温州市,浙江省
鹿城区,330302,温州市,浙江省
文成县,330328,温州市,浙江省
龙湾区,330303,温州市,浙江省
瓯海区,330304,温州市,浙江省
丽水市,331100,浙江省,
松阳县,331124,丽水市,浙江省
龙泉市,331181,丽水市,浙江省
景宁畲族自治县,331127,丽水市,浙江省
缙云县,331122,丽水市,浙江省
青田县,331121,丽水市,浙江省
庆元县,331126,丽水市,浙江省
遂昌县,331123,丽水市,浙江省
云和县,331125,丽水市,浙江省
莲都区,331102,丽水市,浙江省
衢州市,330800,浙江省,
常山县,330822,衢州市,浙江省
开化县,330824,衢州市,浙江省
江山市,330881,衢州市,浙江省
龙游县,330825,衢州市,浙江省
柯城区,330802,衢州市,浙江省
衢江区,330803,衢州市,浙江省
金华市,330700,浙江省,
武义县,330723,金华市,浙江省
浦江县,330726,金华市,浙江省
永康市,330784,金华市,浙江省
义乌市,330782,金华市,浙江省
兰溪市,330781,金华市,浙江省
婺城区,330702,金华市,浙江省
金东区,330703,金华市,浙江省
东阳市,330783,金华市,浙江省
磐安县,330727,金华市,浙江省
杭州市,330100,浙江省,
淳安县,330127,杭州市,浙江省
拱墅区,330105,杭州市,浙江省
钱塘区,330114,杭州市,浙江省
建德市,330182,杭州市,浙江省
临平区,330113,杭州市,浙江省
桐庐县,330122,杭州市,浙江省
萧山区,330109,杭州市,浙江省
滨江区,330108,杭州市,浙江省
临安区,330112,杭州市,浙江省
上城区,330102,杭州市,浙江省
西湖区,330106,杭州市,浙江省
余杭区,330110,杭州市,浙江省
富阳区,330111,杭州市,浙江省
绍兴市,330600,浙江省,
上虞区,330604,绍兴市,浙江省
诸暨市,330681,绍兴市,浙江省
嵊州市,330683,绍兴市,浙江省
新昌县,330624,绍兴市,浙江省
越城区,330602,绍兴市,浙江省
柯桥区,330603,绍兴市,浙江省
湖州市,330500,浙江省,
南浔区,330503,湖州市,浙江省
安吉县,330523,湖州市,浙江省
德清县,330521,湖州市,浙江省
长兴县,330522,湖州市,浙江省
吴兴区,330502,湖州市,浙江省
河北省,130000,,
唐山市,130200,河北省,
乐亭县,130225,唐山市,河北省
曹妃甸区,130209,唐山市,河北省
滦南县,130224,唐山市,河北省
古冶区,130204,唐山市,河北省
丰南区,130207,唐山市,河北省
迁安市,130283,唐山市,河北省
路南区,130202,唐山市,河北省
玉田县,130229,唐山市,河北省
遵化市,130281,唐山市,河北省
滦州市,130284,唐山市,河北省
开平区,130205,唐山市,河北省
丰润区,130208,唐山市,河北省
迁西县,130227,唐山市,河北省
路北区,130203,唐山市,河北省
秦皇岛市,130300,河北省,
山海关区,130303,秦皇岛市,河北省
抚宁区,130306,秦皇岛市,河北省
海港区,130302,秦皇岛市,河北省
青龙满族自治县,130321,秦皇岛市,河北省
昌黎县,130322,秦皇岛市,河北省
卢龙县,130324,秦皇岛市,河北省
北戴河区,130304,秦皇岛市,河北省
邯郸市,130400,河北省,
肥乡区,130407,邯郸市,河北省
鸡泽县,130431,邯郸市,河北省
永年区,130408,邯郸市,河北省
临漳县,130423,邯郸市,河北省
邯山区,130402,邯郸市,河北省
大名县,130425,邯郸市,河北省
丛台区,130403,邯郸市,河北省
复兴区,130404,邯郸市,河北省
武安市,130481,邯郸市,河北省
广平县,130432,邯郸市,河北省
成安县,130424,邯郸市,河北省
馆陶县,130433,邯郸市,河北省
磁县,130427,邯郸市,河北省
峰峰矿区,130406,邯郸市,河北省
邱县,130430,邯郸市,河北省
曲周县,130435,邯郸市,河北省
涉县,130426,邯郸市,河北省
魏县,130434,邯郸市,河北省
石家庄市,130100,河北省,
高邑县,130127,石家庄市,河北省
辛集市,130181,石家庄市,河北省
井陉县,130121,石家庄市,河北省
井陉矿区,130107,石家庄市,河北省
深泽县,130128,石家庄市,河北省
赵县,130133,石家庄市,河北省
行唐县,130125,石家庄市,河北省
正定县,130123,石家庄市,河北省
无极县,130130,石家庄市,河北省
新乐市,130184,石家庄市,河北省
新华区,130105,石家庄市,河北省
长安区,130102,石家庄市,河北省
赞皇县,130129,石家庄市,河北省
栾城区,130111,石家庄市,河北省
平山县,130131,石家庄市,河北省
灵寿县,130126,石家庄市,河北省
晋州市,130183,石家庄市,河北省
藁城区,130109,石家庄市,河北省
元氏县,130132,石家庄市,河北省
鹿泉区,130110,石家庄市,河北省
桥西区,130104,石家庄市,河北省
裕华区,130108,石家庄市,河北省
廊坊市,131000,河北省,
大厂回族自治县,131028,廊坊市,河北省
三河市,131082,廊坊市,河北省
安次区,131002,廊坊市,河北省
广阳区,131003,廊坊市,河北省
大城县,131025,廊坊市,河北省
固安县,131022,廊坊市,河北省
永清县,131023,廊坊市,河北省
霸州市,131081,廊坊市,河北省
香河县,131024,廊坊市,河北省
文安县,131026,廊坊市,河北省
保定市,130600,河北省,
顺平县,130636,保定市,河北省
望都县,130631,保定市,河北省
唐县,130627,保定市,河北省
曲阳县,130634,保定市,河北省
高阳县,130628,保定市,河北省
清苑区,130608,保定市,河北省
定州市,130682,保定市,河北省
易县,130633,保定市,河北省
满城区,130607,保定市,河北省
蠡县,130635,保定市,河北省
雄县,130638,保定市,河北省
竞秀区,130602,保定市,河北省
莲池区,130606,保定市,河北省
徐水区,130609,保定市,河北省
安国市,130683,保定市,河北省
博野县,130637,保定市,河北省
定兴县,130626,保定市,河北省
阜平县,130624,保定市,河北省
涞源县,130630,保定市,河北省
涞水县,130623,保定市,河北省
涿州市,130681,保定市,河北省
高碑店市,130684,保定市,河北省
容城县,130629,保定市,河北省
安新县,130632,保定市,河北省
张家口市,130700,河北省,
康保县,130723,张家口市,河北省
赤城县,130732,张家口市,河北省
下花园区,130706,张家口市,河北省
崇礼区,130709,张家口市,河北省
桥西区,130703,张家口市,河北省
尚义县,130725,张家口市,河北省
沽源县,130724,张家口市,河北省
万全区,130708,张家口市,河北省
张北县,130722,张家口市,河北省
涿鹿县,130731,张家口市,河北省
宣化区,130705,张家口市,河北省
桥东区,130702,张家口市,河北省
怀安县,130728,张家口市,河北省
阳原县,130727,张家口市,河北省
蔚县,130726,张家口市,河北省
怀来县,130730,张家口市,河北省
衡水市,131100,河北省,
桃城区,131102,衡水市,河北省
深州市,131182,衡水市,河北省
故城县,131126,衡水市,河北省
武强县,131123,衡水市,河北省
饶阳县,131124,衡水市,河北省
安平县,131125,衡水市,河北省
枣强县,131121,衡水市,河北省
景县,131127,衡水市,河北省
冀州区,131103,衡水市,河北省
武邑县,131122,衡水市,河北省
阜城县,131128,衡水市,河北省
邢台市,130500,河北省,
柏乡县,130524,邢台市,河北省
南宫市,130581,邢台市,河北省
新河县,130530,邢台市,河北省
清河县,130534,邢台市,河北省
南和区,130506,邢台市,河北省
威县,130533,邢台市,河北省
临西县,130535,邢台市,河北省
沙河市,130582,邢台市,河北省
临城县,130522,邢台市,河北省
巨鹿县,130529,邢台市,河北省
宁晋县,130528,邢台市,河北省
平乡县,130532,邢台市,河北省
广宗县,130531,邢台市,河北省
信都区,130503,邢台市,河北省
襄都区,130502,邢台市,河北省
隆尧县,130525,邢台市,河北省
任泽区,130505,邢台市,河北省
内丘县,130523,邢台市,河北省
承德市,130800,河北省,
围场满族蒙古族自治县,130828,承德市,河北省
丰宁满族自治县,130826,承德市,河北省
隆化县,130825,承德市,河北省
鹰手营子矿区,130804,承德市,河北省
滦平县,130824,承德市,河北省
双滦区,130803,承德市,河北省
双桥区,130802,承德市,河北省
承德县,130821,承德市,河北省
平泉市,130881,承德市,河北省
兴隆县,130822,承德市,河北省
宽城满族自治县,130827,承德市,河北省
沧州市,130900,河北省,
海兴县,130924,沧州市,河北省
东光县,130923,沧州市,河北省
吴桥县,130928,沧州市,河北省
新华区,130902,沧州市,河北省
南皮县,130927,沧州市,河北省
青县,130922,沧州市,河北省
肃宁县,130926,沧州市,河北省
河间市,130984,沧州市,河北省
献县,130929,沧州市,河北省
泊头市,130981,沧州市,河北省
盐山县,130925,沧州市,河北省
孟村回族自治县,130930,沧州市,河北省
黄骅市,130983,沧州市,河北省
沧县,130921,沧州市,河北省
运河区,130903,沧州市,河北省
任丘市,130982,沧州市,河北省
香港特别行政区,810000,,
北区,810013,香港特别行政区,
大埔区,810014,香港特别行政区,
西贡区,810015,香港特别行政区,
沙田区,810016,香港特别行政区,
屯门区,810011,香港特别行政区,
黄大仙区,810008,香港特别行政区,
九龙城区,810007,香港特别行政区,
深水埗区,810006,香港特别行政区,
观塘区,810009,香港特别行政区,
油尖旺区,810005,香港特别行政区,
东区,810003,香港特别行政区,
中西区,810001,香港特别行政区,
离岛区,810018,香港特别行政区,
湾仔区,810002,香港特别行政区,
南区,810004,香港特别行政区,
元朗区,810012,香港特别行政区,
荃湾区,810010,香港特别行政区,
葵青区,810017,香港特别行政区,
台湾省,710000,,
澳门特别行政区,820000,,
花王堂区,820002,澳门特别行政区,
望德堂区,820003,澳门特别行政区,
嘉模堂区,820006,澳门特别行政区,
圣方济各堂区,820008,澳门特别行政区,
花地玛堂区,820001,澳门特别行政区,
路氹填海区,820007,澳门特别行政区,
风顺堂区,820005,澳门特别行政区,
大堂区,820004,澳门特别行政区,
甘肃省,620000,,
嘉峪关市,620200,甘肃省,
酒泉市,620900,甘肃省,
肃北蒙古族自治县,620923,酒泉市,甘肃省
敦煌市,620982,酒泉市,甘肃省
玉门市,620981,酒泉市,甘肃省
金塔县,620921,酒泉市,甘肃省
肃州区,620902,酒泉市,甘肃省
阿克塞哈萨克族自治县,620924,酒泉市,甘肃省
瓜州县,620922,酒泉市,甘肃省
兰州市,620100,甘肃省,
红古区,620111,兰州市,甘肃省
安宁区,620105,兰州市,甘肃省
永登县,620121,兰州市,甘肃省
皋兰县,620122,兰州市,甘肃省
西固区,620104,兰州市,甘肃省
七里河区,620103,兰州市,甘肃省
榆中县,620123,兰州市,甘肃省
城关区,620102,兰州市,甘肃省
平凉市,620800,甘肃省,
崆峒区,620802,平凉市,甘肃省
庄浪县,620825,平凉市,甘肃省
静宁县,620826,平凉市,甘肃省
华亭市,620881,平凉市,甘肃省
灵台县,620822,平凉市,甘肃省
崇信县,620823,平凉市,甘肃省
泾川县,620821,平凉市,甘肃省
金昌市,620300,甘肃省,
永昌县,620321,金昌市,甘肃省
金川区,620302,金昌市,甘肃省
天水市,620500,甘肃省,
清水县,620521,天水市,甘肃省
麦积区,620503,天水市,甘肃省
秦州区,620502,天水市,甘肃省
武山县,620524,天水市,甘肃省
甘谷县,620523,天水市,甘肃省
张家川回族自治县,620525,天水市,甘肃省
秦安县,620522,天水市,甘肃省
白银市,620400,甘肃省,
靖远县,620421,白银市,甘肃省
景泰县,620423,白银市,甘肃省
白银区,620402,白银市,甘肃省
平川区,620403,白银市,甘肃省
会宁县,620422,白银市,甘肃省
武威市,620600,甘肃省,
凉州区,620602,武威市,甘肃省
古浪县,620622,武威市,甘肃省
民勤县,620621,武威市,甘肃省
天祝藏族自治县,620623,武威市,甘肃省
张掖市,620700,甘肃省,
肃南裕固族自治县,620721,张掖市,甘肃省
高台县,620724,张掖市,甘肃省
甘州区,620702,张掖市,甘肃省
临泽县,620723,张掖市,甘肃省
民乐县,620722,张掖市,甘肃省
山丹县,620725,张掖市,甘肃省
定西市,621100,甘肃省,
渭源县,621123,定西市,甘肃省
临洮县,621124,定西市,甘肃省
岷县,621126,定西市,甘肃省
漳县,621125,定西市,甘肃省
陇西县,621122,定西市,甘肃省
安定区,621102,定西市,甘肃省
通渭县,621121,定西市,甘肃省
甘南藏族自治州,623000,甘肃省,
临潭县,623021,甘南藏族自治州,甘肃省
卓尼县,623022,甘南藏族自治州,甘肃省
玛曲县,623025,甘南藏族自治州,甘肃省
夏河县,623027,甘南藏族自治州,甘肃省
碌曲县,623026,甘南藏族自治州,甘肃省
合作市,623001,甘南藏族自治州,甘肃省
迭部县,623024,甘南藏族自治州,甘肃省
舟曲县,623023,甘南藏族自治州,甘肃省
陇南市,621200,甘肃省,
成县,621221,陇南市,甘肃省
徽县,621227,陇南市,甘肃省
两当县,621228,陇南市,甘肃省
康县,621224,陇南市,甘肃省
文县,621222,陇南市,甘肃省
武都区,621202,陇南市,甘肃省
西和县,621225,陇南市,甘肃省
礼县,621226,陇南市,甘肃省
宕昌县,621223,陇南市,甘肃省
庆阳市,621000,甘肃省,
镇原县,621027,庆阳市,甘肃省
环县,621022,庆阳市,甘肃省
庆城县,621021,庆阳市,甘肃省
华池县,621023,庆阳市,甘肃省
合水县,621024,庆阳市,甘肃省
西峰区,621002,庆阳市,甘肃省
宁县,621026,庆阳市,甘肃省
正宁县,621025,庆阳市,甘肃省
临夏回族自治州,622900,甘肃省,
积石山保安族东乡族撒拉族自治县,622927,临夏回族自治州,甘肃省
临夏县,622921,临夏回族自治州,甘肃省
临夏市,622901,临夏回族自治州,甘肃省
东乡族自治县,622926,临夏回族自治州,甘肃省
广河县,622924,临夏回族自治州,甘肃省
和政县,622925,临夏回族自治州,甘肃省
永靖县,622923,临夏回族自治州,甘肃省
康乐县,622922,临夏回族自治州,甘肃省
四川省,510000,,
广元市,510800,四川省,
朝天区,510812,广元市,四川省
苍溪县,510824,广元市,四川省
昭化区,510811,广元市,四川省
剑阁县,510823,广元市,四川省
青川县,510822,广元市,四川省
利州区,510802,广元市,四川省
旺苍县,510821,广元市,四川省
南充市,511300,四川省,
南部县,511321,南充市,四川省
营山县,511322,南充市,四川省
西充县,511325,南充市,四川省
嘉陵区,511304,南充市,四川省
顺庆区,511302,南充市,四川省
阆中市,511381,南充市,四川省
高坪区,511303,南充市,四川省
蓬安县,511323,南充市,四川省
仪陇县,511324,南充市,四川省
巴中市,511900,四川省,
巴州区,511902,巴中市,四川省
南江县,511922,巴中市,四川省
平昌县,511923,巴中市,四川省
通江县,511921,巴中市,四川省
恩阳区,511903,巴中市,四川省
德阳市,510600,四川省,
中江县,510623,德阳市,四川省
什邡市,510682,德阳市,四川省
罗江区,510604,德阳市,四川省
绵竹市,510683,德阳市,四川省
旌阳区,510603,德阳市,四川省
广汉市,510681,德阳市,四川省
绵阳市,510700,四川省,
江油市,510781,绵阳市,四川省
梓潼县,510725,绵阳市,四川省
游仙区,510704,绵阳市,四川省
三台县,510722,绵阳市,四川省
涪城区,510703,绵阳市,四川省
平武县,510727,绵阳市,四川省
北川羌族自治县,510726,绵阳市,四川省
盐亭县,510723,绵阳市,四川省
安州区,510705,绵阳市,四川省
成都市,510100,四川省,
彭州市,510182,成都市,四川省
简阳市,510185,成都市,四川省
蒲江县,510131,成都市,四川省
双流区,510116,成都市,四川省
青羊区,510105,成都市,四川省
金牛区,510106,成都市,四川省
大邑县,510129,成都市,四川省
温江区,510115,成都市,四川省
崇州市,510184,成都市,四川省
锦江区,510104,成都市,四川省
金堂县,510121,成都市,四川省
邛崃市,510183,成都市,四川省
新津区,510118,成都市,四川省
武侯区,510107,成都市,四川省
都江堰市,510181,成都市,四川省
郫都区,510117,成都市,四川省
龙泉驿区,510112,成都市,四川省
成华区,510108,成都市,四川省
新都区,510114,成都市,四川省
青白江区,510113,成都市,四川省
广安市,511600,四川省,
邻水县,511623,广安市,四川省
广安区,511602,广安市,四川省
岳池县,511621,广安市,四川省
武胜县,511622,广安市,四川省
华蓥市,511681,广安市,四川省
前锋区,511603,广安市,四川省
达州市,511700,四川省,
大竹县,511724,达州市,四川省
渠县,511725,达州市,四川省
通川区,511702,达州市,四川省
达川区,511703,达州市,四川省
万源市,511781,达州市,四川省
开江县,511723,达州市,四川省
宣汉县,511722,达州市,四川省
遂宁市,510900,四川省,
大英县,510923,遂宁市,四川省
射洪市,510981,遂宁市,四川省
蓬溪县,510921,遂宁市,四川省
安居区,510904,遂宁市,四川省
船山区,510903,遂宁市,四川省
资阳市,512000,四川省,
乐至县,512022,资阳市,四川省
安岳县,512021,资阳市,四川省
雁江区,512002,资阳市,四川省
眉山市,511400,四川省,
仁寿县,511421,眉山市,四川省
丹棱县,511424,眉山市,四川省
洪雅县,511423,眉山市,四川省
彭山区,511403,眉山市,四川省
东坡区,511402,眉山市,四川省
青神县,511425,眉山市,四川省
内江市,511000,四川省,
资中县,511025,内江市,四川省
威远县,511024,内江市,四川省
东兴区,511011,内江市,四川省
隆昌市,511083,内江市,四川省
市中区,511002,内江市,四川省
乐山市,511100,四川省,
夹江县,511126,乐山市,四川省
沙湾区,511111,乐山市,四川省
五通桥区,511112,乐山市,四川省
金口河区,511113,乐山市,四川省
井研县,511124,乐山市,四川省
犍为县,511123,乐山市,四川省
峨边彝族自治县,511132,乐山市,四川省
沐川县,511129,乐山市,四川省
马边彝族自治县,511133,乐山市,四川省
市中区,511102,乐山市,四川省
峨眉山市,511181,乐山市,四川省
自贡市,510300,四川省,
荣县,510321,自贡市,四川省
富顺县,510322,自贡市,四川省
沿滩区,510311,自贡市,四川省
大安区,510304,自贡市,四川省
自流井区,510302,自贡市,四川省
贡井区,510303,自贡市,四川省
泸州市,510500,四川省,
泸县,510521,泸州市,四川省
龙马潭区,510504,泸州市,四川省
纳溪区,510503,泸州市,四川省
叙永县,510524,泸州市,四川省
古蔺县,510525,泸州市,四川省
江阳区,510502,泸州市,四川省
合江县,510522,泸州市,四川省
宜宾市,511500,四川省,
长宁县,511524,宜宾市,四川省
南溪区,511503,宜宾市,四川省
珙县,511526,宜宾市,四川省
兴文县,511528,宜宾市,四川省
江安县,511523,宜宾市,四川省
筠连县,511527,宜宾市,四川省
翠屏区,511502,宜宾市,四川省
屏山县,511529,宜宾市,四川省
高县,511525,宜宾市,四川省
叙州区,511504,宜宾市,四川省
凉山彝族自治州,513400,四川省,
甘洛县,513435,凉山彝族自治州,四川省
木里藏族自治县,513422,凉山彝族自治州,四川省
雷波县,513437,凉山彝族自治州,四川省
越西县,513434,凉山彝族自治州,四川省
美姑县,513436,凉山彝族自治州,四川省
冕宁县,513433,凉山彝族自治州,四川省
会理市,513402,凉山彝族自治州,四川省
普格县,513428,凉山彝族自治州,四川省
盐源县,513423,凉山彝族自治州,四川省
金阳县,513430,凉山彝族自治州,四川省
布拖县,513429,凉山彝族自治州,四川省
德昌县,513424,凉山彝族自治州,四川省
西昌市,513401,凉山彝族自治州,四川省
昭觉县,513431,凉山彝族自治州,四川省
会东县,513426,凉山彝族自治州,四川省
喜德县,513432,凉山彝族自治州,四川省
宁南县,513427,凉山彝族自治州,四川省
攀枝花市,510400,四川省,
米易县,510421,攀枝花市,四川省
盐边县,510422,攀枝花市,四川省
仁和区,510411,攀枝花市,四川省
东区,510402,攀枝花市,四川省
西区,510403,攀枝花市,四川省
甘孜藏族自治州,513300,四川省,
石渠县,513332,甘孜藏族自治州,四川省
甘孜县,513328,甘孜藏族自治州,四川省
德格县,513330,甘孜藏族自治州,四川省
炉霍县,513327,甘孜藏族自治州,四川省
新龙县,513329,甘孜藏族自治州,四川省
白玉县,513331,甘孜藏族自治州,四川省
道孚县,513326,甘孜藏族自治州,四川省
康定市,513301,甘孜藏族自治州,四川省
理塘县,513334,甘孜藏族自治州,四川省
巴塘县,513335,甘孜藏族自治州,四川省
雅江县,513325,甘孜藏族自治州,四川省
稻城县,513337,甘孜藏族自治州,四川省
乡城县,513336,甘孜藏族自治州,四川省
九龙县,513324,甘孜藏族自治州,四川省
得荣县,513338,甘孜藏族自治州,四川省
丹巴县,513323,甘孜藏族自治州,四川省
泸定县,513322,甘孜藏族自治州,四川省
色达县,513333,甘孜藏族自治州,四川省
雅安市,511800,四川省,
宝兴县,511827,雅安市,四川省
雨城区,511802,雅安市,四川省
荥经县,511822,雅安市,四川省
石棉县,511824,雅安市,四川省
汉源县,511823,雅安市,四川省
天全县,511825,雅安市,四川省
芦山县,511826,雅安市,四川省
名山区,511803,雅安市,四川省
阿坝藏族羌族自治州,513200,四川省,
九寨沟县,513225,阿坝藏族羌族自治州,四川省
阿坝县,513231,阿坝藏族羌族自治州,四川省
红原县,513233,阿坝藏族羌族自治州,四川省
黑水县,513228,阿坝藏族羌族自治州,四川省
马尔康市,513201,阿坝藏族羌族自治州,四川省
金川县,513226,阿坝藏族羌族自治州,四川省
理县,513222,阿坝藏族羌族自治州,四川省
松潘县,513224,阿坝藏族羌族自治州,四川省
小金县,513227,阿坝藏族羌族自治州,四川省
汶川县,513221,阿坝藏族羌族自治州,四川省
茂县,513223,阿坝藏族羌族自治州,四川省
若尔盖县,513232,阿坝藏族羌族自治州,四川省
壤塘县,513230,阿坝藏族羌族自治州,四川省
天津市,120000,,
宝坻区,120115,天津市,
河北区,120105,天津市,
静海区,120118,天津市,
蓟州区,120119,天津市,
宁河区,120117,天津市,
和平区,120101,天津市,
武清区,120114,天津市,
南开区,120104,天津市,
河东区,120102,天津市,
东丽区,120110,天津市,
津南区,120112,天津市,
河西区,120103,天津市,
北辰区,120113,天津市,
红桥区,120106,天津市,
西青区,120111,天津市,
滨海新区,120116,天津市,
山西省,140000,,
阳泉市,140300,山西省,
盂县,140322,阳泉市,山西省
郊区,140311,阳泉市,山西省
矿区,140303,阳泉市,山西省
城区,140302,阳泉市,山西省
平定县,140321,阳泉市,山西省
大同市,140200,山西省,
广灵县,140223,大同市,山西省
浑源县,140225,大同市,山西省
云州区,140215,大同市,山西省
左云县,140226,大同市,山西省
平城区,140213,大同市,山西省
新荣区,140212,大同市,山西省
云冈区,140214,大同市,山西省
灵丘县,140224,大同市,山西省
天镇县,140222,大同市,山西省
阳高县,140221,大同市,山西省
吕梁市,141100,山西省,
岚县,141127,吕梁市,山西省
方山县,141128,吕梁市,山西省
中阳县,141129,吕梁市,山西省
石楼县,141126,吕梁市,山西省
柳林县,141125,吕梁市,山西省
孝义市,141181,吕梁市,山西省
交城县,141122,吕梁市,山西省
汾阳市,141182,吕梁市,山西省
文水县,141121,吕梁市,山西省
临县,141124,吕梁市,山西省
离石区,141102,吕梁市,山西省
兴县,141123,吕梁市,山西省
交口县,141130,吕梁市,山西省
运城市,140800,山西省,
闻喜县,140823,运城市,山西省
万荣县,140822,运城市,山西省
盐湖区,140802,运城市,山西省
夏县,140828,运城市,山西省
临猗县,140821,运城市,山西省
垣曲县,140827,运城市,山西省
稷山县,140824,运城市,山西省
永济市,140881,运城市,山西省
绛县,140826,运城市,山西省
新绛县,140825,运城市,山西省
河津市,140882,运城市,山西省
平陆县,140829,运城市,山西省
芮城县,140830,运城市,山西省
晋城市,140500,山西省,
泽州县,140525,晋城市,山西省
高平市,140581,晋城市,山西省
阳城县,140522,晋城市,山西省
沁水县,140521,晋城市,山西省
城区,140502,晋城市,山西省
陵川县,140524,晋城市,山西省
长治市,140400,山西省,
长子县,140428,长治市,山西省
潞州区,140403,长治市,山西省
武乡县,140429,长治市,山西省
沁县,140430,长治市,山西省
襄垣县,140423,长治市,山西省
屯留区,140405,长治市,山西省
潞城区,140406,长治市,山西省
黎城县,140426,长治市,山西省
沁源县,140431,长治市,山西省
平顺县,140425,长治市,山西省
壶关县,140427,长治市,山西省
上党区,140404,长治市,山西省
朔州市,140600,山西省,
右玉县,140623,朔州市,山西省
朔城区,140602,朔州市,山西省
平鲁区,140603,朔州市,山西省
应县,140622,朔州市,山西省
山阴县,140621,朔州市,山西省
怀仁市,140681,朔州市,山西省
忻州市,140900,山西省,
五寨县,140928,忻州市,山西省
宁武县,140925,忻州市,山西省
岢岚县,140929,忻州市,山西省
静乐县,140926,忻州市,山西省
神池县,140927,忻州市,山西省
河曲县,140930,忻州市,山西省
原平市,140981,忻州市,山西省
代县,140923,忻州市,山西省
定襄县,140921,忻州市,山西省
保德县,140931,忻州市,山西省
偏关县,140932,忻州市,山西省
忻府区,140902,忻州市,山西省
繁峙县,140924,忻州市,山西省
五台县,140922,忻州市,山西省
太原市,140100,山西省,
娄烦县,140123,太原市,山西省
古交市,140181,太原市,山西省
晋源区,140110,太原市,山西省
清徐县,140121,太原市,山西省
万柏林区,140109,太原市,山西省
尖草坪区,140108,太原市,山西省
杏花岭区,140107,太原市,山西省
小店区,140105,太原市,山西省
迎泽区,140106,太原市,山西省
阳曲县,140122,太原市,山西省
临汾市,141000,山西省,
隰县,141031,临汾市,山西省
古县,141025,临汾市,山西省
永和县,141032,临汾市,山西省
蒲县,141033,临汾市,山西省
浮山县,141027,临汾市,山西省
翼城县,141022,临汾市,山西省
襄汾县,141023,临汾市,山西省
安泽县,141026,临汾市,山西省
曲沃县,141021,临汾市,山西省
侯马市,141081,临汾市,山西省
霍州市,141082,临汾市,山西省
大宁县,141030,临汾市,山西省
吉县,141028,临汾市,山西省
乡宁县,141029,临汾市,山西省
尧都区,141002,临汾市,山西省
洪洞县,141024,临汾市,山西省
汾西县,141034,临汾市,山西省
晋中市,140700,山西省,
寿阳县,140725,晋中市,山西省
榆社县,140721,晋中市,山西省
左权县,140722,晋中市,山西省
和顺县,140723,晋中市,山西省
太谷区,140703,晋中市,山西省
祁县,140727,晋中市,山西省
榆次区,140702,晋中市,山西省
平遥县,140728,晋中市,山西省
灵石县,140729,晋中市,山西省
介休市,140781,晋中市,山西省
昔阳县,140724,晋中市,山西省
陕西省,610000,,
商洛市,611000,陕西省,
商南县,611023,商洛市,陕西省
柞水县,611026,商洛市,陕西省
洛南县,611021,商洛市,陕西省
丹凤县,611022,商洛市,陕西省
商州区,611002,商洛市,陕西省
镇安县,611025,商洛市,陕西省
山阳县,611024,商洛市,陕西省
汉中市,610700,陕西省,
略阳县,610727,汉中市,陕西省
宁强县,610726,汉中市,陕西省
留坝县,610729,汉中市,陕西省
勉县,610725,汉中市,陕西省
城固县,610722,汉中市,陕西省
南郑区,610703,汉中市,陕西省
汉台区,610702,汉中市,陕西省
西乡县,610724,汉中市,陕西省
镇巴县,610728,汉中市,陕西省
佛坪县,610730,汉中市,陕西省
洋县,610723,汉中市,陕西省
西安市,610100,陕西省,
长安区,610116,西安市,陕西省
阎良区,610114,西安市,陕西省
高陵区,610117,西安市,陕西省
临潼区,610115,西安市,陕西省
灞桥区,610111,西安市,陕西省
新城区,610102,西安市,陕西省
碑林区,610103,西安市,陕西省
雁塔区,610113,西安市,陕西省
蓝田县,610122,西安市,陕西省
鄠邑区,610118,西安市,陕西省
周至县,610124,西安市,陕西省
莲湖区,610104,西安市,陕西省
未央区,610112,西安市,陕西省
榆林市,610800,陕西省,
米脂县,610827,榆林市,陕西省
榆阳区,610802,榆林市,陕西省
神木市,610881,榆林市,陕西省
佳县,610828,榆林市,陕西省
吴堡县,610829,榆林市,陕西省
定边县,610825,榆林市,陕西省
靖边县,610824,榆林市,陕西省
子洲县,610831,榆林市,陕西省
横山区,610803,榆林市,陕西省
绥德县,610826,榆林市,陕西省
府谷县,610822,榆林市,陕西省
清涧县,610830,榆林市,陕西省
咸阳市,610400,陕西省,
三原县,610422,咸阳市,陕西省
渭城区,610404,咸阳市,陕西省
淳化县,610430,咸阳市,陕西省
乾县,610424,咸阳市,陕西省
永寿县,610426,咸阳市,陕西省
武功县,610431,咸阳市,陕西省
兴平市,610481,咸阳市,陕西省
礼泉县,610425,咸阳市,陕西省
长武县,610428,咸阳市,陕西省
彬州市,610482,咸阳市,陕西省
泾阳县,610423,咸阳市,陕西省
旬邑县,610429,咸阳市,陕西省
杨陵区,610403,咸阳市,陕西省
秦都区,610402,咸阳市,陕西省
宝鸡市,610300,陕西省,
陇县,610327,宝鸡市,陕西省
千阳县,610328,宝鸡市,陕西省
麟游县,610329,宝鸡市,陕西省
渭滨区,610302,宝鸡市,陕西省
金台区,610303,宝鸡市,陕西省
扶风县,610324,宝鸡市,陕西省
岐山县,610323,宝鸡市,陕西省
眉县,610326,宝鸡市,陕西省
凤县,610330,宝鸡市,陕西省
太白县,610331,宝鸡市,陕西省
陈仓区,610304,宝鸡市,陕西省
凤翔区,610305,宝鸡市,陕西省
安康市,610900,陕西省,
紫阳县,610924,安康市,陕西省
白河县,610929,安康市,陕西省
旬阳市,610981,安康市,陕西省
平利县,610926,安康市,陕西省
镇坪县,610927,安康市,陕西省
石泉县,610922,安康市,陕西省
汉阴县,610921,安康市,陕西省
宁陕县,610923,安康市,陕西省
岚皋县,610925,安康市,陕西省
汉滨区,610902,安康市,陕西省
延安市,610600,陕西省,
延长县,610621,延安市,陕西省
吴起县,610626,延安市,陕西省
宝塔区,610602,延安市,陕西省
甘泉县,610627,延安市,陕西省
安塞区,610603,延安市,陕西省
子长市,610681,延安市,陕西省
延川县,610622,延安市,陕西省
黄陵县,610632,延安市,陕西省
洛川县,610629,延安市,陕西省
志丹县,610625,延安市,陕西省
富县,610628,延安市,陕西省
宜川县,610630,延安市,陕西省
黄龙县,610631,延安市,陕西省
铜川市,610200,陕西省,
印台区,610203,铜川市,陕西省
王益区,610202,铜川市,陕西省
宜君县,610222,铜川市,陕西省
耀州区,610204,铜川市,陕西省
渭南市,610500,陕西省,
澄城县,610525,渭南市,陕西省
白水县,610527,渭南市,陕西省
华州区,610503,渭南市,陕西省
华阴市,610582,渭南市,陕西省
临渭区,610502,渭南市,陕西省
蒲城县,610526,渭南市,陕西省
富平县,610528,渭南市,陕西省
大荔县,610523,渭南市,陕西省
合阳县,610524,渭南市,陕西省
韩城市,610581,渭南市,陕西省
潼关县,610522,渭南市,陕西省
北京市,110000,,
怀柔区,110116,北京市,
门头沟区,110109,北京市,
东城区,110101,北京市,
大兴区,110115,北京市,
房山区,110111,北京市,
平谷区,110117,北京市,
朝阳区,110105,北京市,
丰台区,110106,北京市,
石景山区,110107,北京市,
西城区,110102,北京市,
海淀区,110108,北京市,
密云区,110118,北京市,
通州区,110112,北京市,
延庆区,110119,北京市,
顺义区,110113,北京市,
昌平区,110114,北京市,
江西省,360000,,
新余市,360500,江西省,
分宜县,360521,新余市,江西省
渝水区,360502,新余市,江西省
吉安市,360800,江西省,
井冈山市,360881,吉安市,江西省
永新县,360830,吉安市,江西省
泰和县,360826,吉安市,江西省
遂川县,360827,吉安市,江西省
万安县,360828,吉安市,江西省
安福县,360829,吉安市,江西省
吉州区,360802,吉安市,江西省
青原区,360803,吉安市,江西省
吉安县,360821,吉安市,江西省
吉水县,360822,吉安市,江西省
峡江县,360823,吉安市,江西省
永丰县,360825,吉安市,江西省
新干县,360824,吉安市,江西省
抚州市,361000,江西省,
乐安县,361025,抚州市,江西省
宜黄县,361026,抚州市,江西省
崇仁县,361024,抚州市,江西省
广昌县,361030,抚州市,江西省
南城县,361021,抚州市,江西省
黎川县,361022,抚州市,江西省
南丰县,361023,抚州市,江西省
临川区,361002,抚州市,江西省
资溪县,361028,抚州市,江西省
金溪县,361027,抚州市,江西省
东乡区,361003,抚州市,江西省
鹰潭市,360600,江西省,
月湖区,360602,鹰潭市,江西省
余江区,360603,鹰潭市,江西省
贵溪市,360681,鹰潭市,江西省
宜春市,360900,江西省,
袁州区,360902,宜春市,江西省
万载县,360922,宜春市,江西省
宜丰县,360924,宜春市,江西省
上高县,360923,宜春市,江西省
樟树市,360982,宜春市,江西省
铜鼓县,360926,宜春市,江西省
靖安县,360925,宜春市,江西省
奉新县,360921,宜春市,江西省
高安市,360983,宜春市,江西省
丰城市,360981,宜春市,江西省
萍乡市,360300,江西省,
上栗县,360322,萍乡市,江西省
安源区,360302,萍乡市,江西省
湘东区,360313,萍乡市,江西省
莲花县,360321,萍乡市,江西省
芦溪县,360323,萍乡市,江西省
景德镇市,360200,江西省,
乐平市,360281,景德镇市,江西省
珠山区,360203,景德镇市,江西省
昌江区,360202,景德镇市,江西省
浮梁县,360222,景德镇市,江西省
九江市,360400,江西省,
濂溪区,360402,九江市,江西省
修水县,360424,九江市,江西省
武宁县,360423,九江市,江西省
德安县,360426,九江市,江西省
共青城市,360482,九江市,江西省
柴桑区,360404,九江市,江西省
庐山市,360483,九江市,江西省
湖口县,360429,九江市,江西省
彭泽县,360430,九江市,江西省
瑞昌市,360481,九江市,江西省
都昌县,360428,九江市,江西省
永修县,360425,九江市,江西省
浔阳区,360403,九江市,江西省
南昌市,360100,江西省,
青云谱区,360104,南昌市,江西省
进贤县,360124,南昌市,江西省
红谷滩区,360113,南昌市,江西省
新建区,360112,南昌市,江西省
青山湖区,360111,南昌市,江西省
东湖区,360102,南昌市,江西省
西湖区,360103,南昌市,江西省
安义县,360123,南昌市,江西省
南昌县,360121,南昌市,江西省
上饶市,361100,江西省,
余干县,361127,上饶市,江西省
横峰县,361125,上饶市,江西省
广丰区,361103,上饶市,江西省
玉山县,361123,上饶市,江西省
万年县,361129,上饶市,江西省
弋阳县,361126,上饶市,江西省
德兴市,361181,上饶市,江西省
鄱阳县,361128,上饶市,江西省
婺源县,361130,上饶市,江西省
广信区,361104,上饶市,江西省
信州区,361102,上饶市,江西省
铅山县,361124,上饶市,江西省
赣州市,360700,江西省,
宁都县,360730,赣州市,江西省
于都县,360731,赣州市,江西省
瑞金市,360781,赣州市,江西省
崇义县,360725,赣州市,江西省
全南县,360729,赣州市,江西省
龙南市,360783,赣州市,江西省
会昌县,360733,赣州市,江西省
信丰县,360722,赣州市,江西省
上犹县,360724,赣州市,江西省
大余县,360723,赣州市,江西省
南康区,360703,赣州市,江西省
兴国县,360732,赣州市,江西省
赣县区,360704,赣州市,江西省
章贡区,360702,赣州市,江西省
定南县,360728,赣州市,江西省
安远县,360726,赣州市,江西省
石城县,360735,赣州市,江西省
寻乌县,360734,赣州市,江西省
吉林省,220000,,
吉林市,220200,吉林省,
舒兰市,220283,吉林市,吉林省
桦甸市,220282,吉林市,吉林省
蛟河市,220281,吉林市,吉林省
永吉县,220221,吉林市,吉林省
磐石市,220284,吉林市,吉林省
丰满区,220211,吉林市,吉林省
龙潭区,220203,吉林市,吉林省
船营区,220204,吉林市,吉林省
昌邑区,220202,吉林市,吉林省
长春市,220100,吉林省,
德惠市,220183,长春市,吉林省
榆树市,220182,长春市,吉林省
双阳区,220112,长春市,吉林省
农安县,220122,长春市,吉林省
公主岭市,220184,长春市,吉林省
二道区,220105,长春市,吉林省
南关区,220102,长春市,吉林省
宽城区,220103,长春市,吉林省
九台区,220113,长春市,吉林省
朝阳区,220104,长春市,吉林省
绿园区,220106,长春市,吉林省
白城市,220800,吉林省,
洮南市,220881,白城市,吉林省
大安市,220882,白城市,吉林省
通榆县,220822,白城市,吉林省
镇赉县,220821,白城市,吉林省
洮北区,220802,白城市,吉林省
松原市,220700,吉林省,
乾安县,220723,松原市,吉林省
长岭县,220722,松原市,吉林省
前郭尔罗斯蒙古族自治县,220721,松原市,吉林省
扶余市,220781,松原市,吉林省
宁江区,220702,松原市,吉林省
四平市,220300,吉林省,
铁东区,220303,四平市,吉林省
双辽市,220382,四平市,吉林省
梨树县,220322,四平市,吉林省
铁西区,220302,四平市,吉林省
伊通满族自治县,220323,四平市,吉林省
辽源市,220400,吉林省,
龙山区,220402,辽源市,吉林省
东丰县,220421,辽源市,吉林省
东辽县,220422,辽源市,吉林省
西安区,220403,辽源市,吉林省
通化市,220500,吉林省,
二道江区,220503,通化市,吉林省
通化县,220521,通化市,吉林省
柳河县,220524,通化市,吉林省
辉南县,220523,通化市,吉林省
梅河口市,220581,通化市,吉林省
集安市,220582,通化市,吉林省
东昌区,220502,通化市,吉林省
延边朝鲜族自治州,222400,吉林省,
珲春市,222404,延边朝鲜族自治州,吉林省
图们市,222402,延边朝鲜族自治州,吉林省
汪清县,222424,延边朝鲜族自治州,吉林省
延吉市,222401,延边朝鲜族自治州,吉林省
安图县,222426,延边朝鲜族自治州,吉林省
龙井市,222405,延边朝鲜族自治州,吉林省
敦化市,222403,延边朝鲜族自治州,吉林省
和龙市,222406,延边朝鲜族自治州,吉林省
白山市,220600,吉林省,
靖宇县,220622,白山市,吉林省
江源区,220605,白山市,吉林省
抚松县,220621,白山市,吉林省
长白朝鲜族自治县,220623,白山市,吉林省
浑江区,220602,白山市,吉林省
临江市,220681,白山市,吉林省
西藏自治区,540000,,
昌都市,540300,西藏自治区,
江达县,540321,昌都市,西藏自治区
丁青县,540324,昌都市,西藏自治区
卡若区,540302,昌都市,西藏自治区
类乌齐县,540323,昌都市,西藏自治区
边坝县,540330,昌都市,西藏自治区
贡觉县,540322,昌都市,西藏自治区
察雅县,540325,昌都市,西藏自治区
左贡县,540327,昌都市,西藏自治区
芒康县,540328,昌都市,西藏自治区
八宿县,540326,昌都市,西藏自治区
洛隆县,540329,昌都市,西藏自治区
那曲市,540600,西藏自治区,
安多县,540624,那曲市,西藏自治区
聂荣县,540623,那曲市,西藏自治区
巴青县,540628,那曲市,西藏自治区
申扎县,540625,那曲市,西藏自治区
班戈县,540627,那曲市,西藏自治区
索县,540626,那曲市,西藏自治区
比如县,540622,那曲市,西藏自治区
色尼区,540602,那曲市,西藏自治区
嘉黎县,540621,那曲市,西藏自治区
尼玛县,540629,那曲市,西藏自治区
双湖县,540630,那曲市,西藏自治区
拉萨市,540100,西藏自治区,
当雄县,540122,拉萨市,西藏自治区
林周县,540121,拉萨市,西藏自治区
墨竹工卡县,540127,拉萨市,西藏自治区
堆龙德庆区,540103,拉萨市,西藏自治区
达孜区,540104,拉萨市,西藏自治区
尼木县,540123,拉萨市,西藏自治区
城关区,540102,拉萨市,西藏自治区
曲水县,540124,拉萨市,西藏自治区
日喀则市,540200,西藏自治区,
仲巴县,540232,日喀则市,西藏自治区
昂仁县,540226,日喀则市,西藏自治区
谢通门县,540227,日喀则市,西藏自治区
南木林县,540221,日喀则市,西藏自治区
萨嘎县,540236,日喀则市,西藏自治区
桑珠孜区,540202,日喀则市,西藏自治区
拉孜县,540225,日喀则市,西藏自治区
仁布县,540229,日喀则市,西藏自治区
萨迦县,540224,日喀则市,西藏自治区
白朗县,540228,日喀则市,西藏自治区
江孜县,540222,日喀则市,西藏自治区
聂拉木县,540235,日喀则市,西藏自治区
定日县,540223,日喀则市,西藏自治区
康马县,540230,日喀则市,西藏自治区
岗巴县,540237,日喀则市,西藏自治区
亚东县,540233,日喀则市,西藏自治区
定结县,540231,日喀则市,西藏自治区
吉隆县,540234,日喀则市,西藏自治区
山南市,540500,西藏自治区,
桑日县,540523,山南市,西藏自治区
加查县,540528,山南市,西藏自治区
乃东区,540502,山南市,西藏自治区
扎囊县,540521,山南市,西藏自治区
贡嘎县,540522,山南市,西藏自治区
浪卡子县,540531,山南市,西藏自治区
曲松县,540525,山南市,西藏自治区
琼结县,540524,山南市,西藏自治区
措美县,540526,山南市,西藏自治区
隆子县,540529,山南市,西藏自治区
洛扎县,540527,山南市,西藏自治区
错那市,540581,山南市,西藏自治区
林芝市,540400,西藏自治区,
波密县,540424,林芝市,西藏自治区
巴宜区,540402,林芝市,西藏自治区
工布江达县,540421,林芝市,西藏自治区
墨脱县,540423,林芝市,西藏自治区
米林市,540481,林芝市,西藏自治区
察隅县,540425,林芝市,西藏自治区
朗县,540426,林芝市,西藏自治区
阿里地区,542500,西藏自治区,
改则县,542526,阿里地区,西藏自治区
札达县,542522,阿里地区,西藏自治区
措勤县,542527,阿里地区,西藏自治区
普兰县,542521,阿里地区,西藏自治区
日土县,542524,阿里地区,西藏自治区
噶尔县,542523,阿里地区,西藏自治区
革吉县,542525,阿里地区,西藏自治区
云南省,530000,,
昭通市,530600,云南省,
水富市,530681,昭通市,云南省
绥江县,530626,昭通市,云南省
永善县,530625,昭通市,云南省
威信县,530629,昭通市,云南省
巧家县,530622,昭通市,云南省
彝良县,530628,昭通市,云南省
鲁甸县,530621,昭通市,云南省
盐津县,530623,昭通市,云南省
镇雄县,530627,昭通市,云南省
昭阳区,530602,昭通市,云南省
大关县,530624,昭通市,云南省
曲靖市,530300,云南省,
会泽县,530326,曲靖市,云南省
马龙区,530304,曲靖市,云南省
师宗县,530323,曲靖市,云南省
陆良县,530322,曲靖市,云南省
麒麟区,530302,曲靖市,云南省
沾益区,530303,曲靖市,云南省
宣威市,530381,曲靖市,云南省
富源县,530325,曲靖市,云南省
罗平县,530324,曲靖市,云南省
红河哈尼族彝族自治州,532500,云南省,
弥勒市,532504,红河哈尼族彝族自治州,云南省
建水县,532524,红河哈尼族彝族自治州,云南省
开远市,532502,红河哈尼族彝族自治州,云南省
红河县,532529,红河哈尼族彝族自治州,云南省
屏边苗族自治县,532523,红河哈尼族彝族自治州,云南省
绿春县,532531,红河哈尼族彝族自治州,云南省
个旧市,532501,红河哈尼族彝族自治州,云南省
石屏县,532525,红河哈尼族彝族自治州,云南省
蒙自市,532503,红河哈尼族彝族自治州,云南省
泸西县,532527,红河哈尼族彝族自治州,云南省
元阳县,532528,红河哈尼族彝族自治州,云南省
金平苗族瑶族傣族自治县,532530,红河哈尼族彝族自治州,云南省
河口瑶族自治县,532532,红河哈尼族彝族自治州,云南省
怒江傈僳族自治州,533300,云南省,
贡山独龙族怒族自治县,533324,怒江傈僳族自治州,云南省
福贡县,533323,怒江傈僳族自治州,云南省
兰坪白族普米族自治县,533325,怒江傈僳族自治州,云南省
泸水市,533301,怒江傈僳族自治州,云南省
玉溪市,530400,云南省,
易门县,530425,玉溪市,云南省
华宁县,530424,玉溪市,云南省
红塔区,530402,玉溪市,云南省
江川区,530403,玉溪市,云南省
澄江市,530481,玉溪市,云南省
元江哈尼族彝族傣族自治县,530428,玉溪市,云南省
新平彝族傣族自治县,530427,玉溪市,云南省
峨山彝族自治县,530426,玉溪市,云南省
通海县,530423,玉溪市,云南省
大理白族自治州,532900,云南省,
剑川县,532931,大理白族自治州,云南省
洱源县,532930,大理白族自治州,云南省
云龙县,532929,大理白族自治州,云南省
大理市,532901,大理白族自治州,云南省
漾濞彝族自治县,532922,大理白族自治州,云南省
永平县,532928,大理白族自治州,云南省
巍山彝族回族自治县,532927,大理白族自治州,云南省
祥云县,532923,大理白族自治州,云南省
南涧彝族自治县,532926,大理白族自治州,云南省
弥渡县,532925,大理白族自治州,云南省
鹤庆县,532932,大理白族自治州,云南省
宾川县,532924,大理白族自治州,云南省
迪庆藏族自治州,533400,云南省,
香格里拉市,533401,迪庆藏族自治州,云南省
维西傈僳族自治县,533423,迪庆藏族自治州,云南省
德钦县,533422,迪庆藏族自治州,云南省
临沧市,530900,云南省,
凤庆县,530921,临沧市,云南省
云县,530922,临沧市,云南省
临翔区,530902,临沧市,云南省
沧源佤族自治县,530927,临沧市,云南省
双江拉祜族佤族布朗族傣族自治县,530925,临沧市,云南省
镇康县,530924,临沧市,云南省
耿马傣族佤族自治县,530926,临沧市,云南省
永德县,530923,临沧市,云南省
保山市,530500,云南省,
腾冲市,530581,保山市,云南省
隆阳区,530502,保山市,云南省
施甸县,530521,保山市,云南省
龙陵县,530523,保山市,云南省
昌宁县,530524,保山市,云南省
丽江市,530700,云南省,
宁蒗彝族自治县,530724,丽江市,云南省
永胜县,530722,丽江市,云南省
古城区,530702,丽江市,云南省
玉龙纳西族自治县,530721,丽江市,云南省
华坪县,530723,丽江市,云南省
西双版纳傣族自治州,532800,云南省,
勐海县,532822,西双版纳傣族自治州,云南省
勐腊县,532823,西双版纳傣族自治州,云南省
景洪市,532801,西双版纳傣族自治州,云南省
楚雄彝族自治州,532300,云南省,
大姚县,532326,楚雄彝族自治州,云南省
元谋县,532328,楚雄彝族自治州,云南省
牟定县,532323,楚雄彝族自治州,云南省
姚安县,532325,楚雄彝族自治州,云南省
禄丰市,532302,楚雄彝族自治州,云南省
楚雄市,532301,楚雄彝族自治州,云南省
南华县,532324,楚雄彝族自治州,云南省
永仁县,532327,楚雄彝族自治州,云南省
双柏县,532322,楚雄彝族自治州,云南省
武定县,532329,楚雄彝族自治州,云南省
昆明市,530100,云南省,
东川区,530113,昆明市,云南省
五华区,530102,昆明市,云南省
晋宁区,530115,昆明市,云南省
安宁市,530181,昆明市,云南省
西山区,530112,昆明市,云南省
富民县,530124,昆明市,云南省
盘龙区,530103,昆明市,云南省
石林彝族自治县,530126,昆明市,云南省
禄劝彝族苗族自治县,530128,昆明市,云南省
呈贡区,530114,昆明市,云南省
官渡区,530111,昆明市,云南省
宜良县,530125,昆明市,云南省
寻甸回族彝族自治县,530129,昆明市,云南省
嵩明县,530127,昆明市,云南省
普洱市,530800,云南省,
镇沅彝族哈尼族拉祜族自治县,530825,普洱市,云南省
景谷傣族彝族自治县,530824,普洱市,云南省
墨江哈尼族自治县,530822,普洱市,云南省
澜沧拉祜族自治县,530828,普洱市,云南省
西盟佤族自治县,530829,普洱市,云南省
江城哈尼族彝族自治县,530826,普洱市,云南省
景东彝族自治县,530823,普洱市,云南省
宁洱哈尼族彝族自治县,530821,普洱市,云南省
思茅区,530802,普洱市,云南省
孟连傣族拉祜族佤族自治县,530827,普洱市,云南省
文山壮族苗族自治州,532600,云南省,
广南县,532627,文山壮族苗族自治州,云南省
丘北县,532626,文山壮族苗族自治州,云南省
砚山县,532622,文山壮族苗族自治州,云南省
文山市,532601,文山壮族苗族自治州,云南省
马关县,532625,文山壮族苗族自治州,云南省
富宁县,532628,文山壮族苗族自治州,云南省
麻栗坡县,532624,文山壮族苗族自治州,云南省
西畴县,532623,文山壮族苗族自治州,云南省
德宏傣族景颇族自治州,533100,云南省,
梁河县,533122,德宏傣族景颇族自治州,云南省
芒市,533103,德宏傣族景颇族自治州,云南省
陇川县,533124,德宏傣族景颇族自治州,云南省
盈江县,533123,德宏傣族景颇族自治州,云南省
瑞丽市,533102,德宏傣族景颇族自治州,云南省
